IN,県
IN,市
IN,町
IN,山
IN,郡
IN,田
IN,区
IN,川
IN,京
IN,大
IN,島
IN,北
IN,都
OUT,岡
IN,東
IN,新
IN,二
IN,野
IN,福
IN,西
IN,上
IN,知
IN,中
IN,南
IN,海
IN,愛
IN,城
IN,道
IN,下
IN,宮
IN,原
IN,高
IN,長
IN,本
IN,崎
IN,三
IN,津
IN,井
IN,潟
IN,富
IN,木
IN,小
IN,賀
OUT,（
OUT,）
IN,松
IN,石
IN,千
IN,神
IN,兵
IN,庫
OUT,阪
IN,和
OUT,奈
IN,屋
IN,葉
IN,岐
IN,沢
IN,戸
IN,浜
IN,谷
IN,佐
OUT,阜
IN,日
IN,村
IN,八
IN,森
IN,広
IN,岩
IN,玉
IN,内
OUT,伊
IN,静
IN,古
IN,名
IN,豊
IN,口
IN,美
IN,青
IN,手
IN,良
IN,平
OUT,い
OUT,茨
IN,見
IN,吉
OUT,埼
IN,江
IN,条
IN,場
IN,寺
OUT,鹿
IN,秋
OUT,熊
IN,前
IN,水
OUT,が
IN,階
IN,重
IN,馬
IN,根
IN,河
OUT,の
IN,分
IN,尾
IN,久
IN,鳥
OUT,ー
IN,合
IN,形
OUT,な
IN,常
IN,台
OUT,ノ
IN,取
IN,沼
IN,白
IN,宿
IN,浦
OUT,、
IN,橋
IN,通
OUT,ケ
IN,歌
IN,生
IN,坂
IN,瀬
IN,里
IN,横
IN,多
IN,徳
IN,越
OUT,に
IN,部
OUT,栃
IN,倉
OUT,1
IN,代
IN,以
IN,安
IN,載
IN,掲
IN,児
IN,宇
IN,加
IN,滋
IN,地
OUT,タ
IN,別
IN,金
OUT,媛
IN,方
IN,子
IN,泉
OUT,2
OUT,幡
IN,路
IN,一
IN,郷
IN,香
IN,央
IN,御
IN,十
IN,五
OUT,須
IN,群
IN,清
IN,丘
IN,七
OUT,ル
IN,国
IN,天
IN,保
IN,港
IN,仙
OUT,ン
IN,羽
IN,米
OUT,ワ
IN,塚
IN,関
OUT,阿
IN,四
OUT,幌
IN,波
IN,軒
IN,土
IN,出
OUT,3
OUT,之
IN,池
IN,州
IN,若
IN,赤
IN,稲
OUT,梨
IN,入
IN,明
OUT,那
IN,九
OUT,み
IN,間
IN,今
IN,門
OUT,ビ
IN,太
OUT,旭
IN,丹
IN,沖
IN,立
OUT,藤
IN,花
IN,塩
OUT,つ
IN,飯
IN,志
IN,畑
IN,春
IN,目
IN,栄
OUT,鶴
IN,茂
IN,札
IN,縄
IN,甲
OUT,栗
IN,竹
IN,敷
IN,相
IN,柳
OUT,4
IN,奥
OUT,る
IN,光
IN,館
IN,後
OUT,庄
IN,矢
IN,伏
IN,桜
IN,園
IN,林
IN,六
IN,草
IN,朝
IN,住
IN,船
IN,真
IN,成
OUT,ス
IN,番
OUT,5
OUT,駒
IN,辺
IN,万
IN,魚
IN,士
IN,丁
IN,元
IN,利
IN,武
IN,留
OUT,ク
IN,気
IN,緑
IN,所
IN,勝
IN,頭
IN,向
IN,喜
IN,堀
IN,伯
IN,足
OUT,た
IN,深
IN,幸
OUT,柏
OUT,6
OUT,尻
IN,渡
IN,王
IN,牧
IN,治
IN,有
OUT,ら
OUT,0
OUT,イ
IN,湯
IN,登
IN,右
OUT,さ
OUT,7
IN,雲
IN,姫
IN,板
OUT,ま
IN,楽
IN,世
OUT,亀
IN,院
IN,穂
OUT,堺
OUT,蒲
IN,左
OUT,そ
OUT,わ
OUT,か
IN,室
IN,永
IN,他
OUT,ィ
IN,来
IN,滝
OUT,8
IN,岸
OUT,き
IN,達
IN,遠
IN,張
IN,桑
IN,居
IN,比
IN,垣
OUT,く
IN,荒
OUT,9
IN,月
IN,砂
OUT,洲
IN,摩
IN,巻
IN,勢
OUT,牟
OUT,笠
IN,梅
IN,仁
IN,陽
IN,堂
OUT,篠
IN,宝
IN,近
IN,杉
OUT,筑
OUT,砺
OUT,ツ
OUT,ト
IN,厚
IN,博
IN,由
IN,軽
OUT,曽
IN,標
IN,益
IN,早
IN,荘
OUT,ラ
IN,麻
IN,毛
IN,蔵
OUT,脇
IN,音
IN,輪
IN,唐
OUT,ヶ
IN,家
IN,吹
IN,峰
IN,枝
OUT,ア
OUT,呂
IN,犬
IN,網
OUT,々
IN,作
IN,老
IN,延
OUT,磯
IN,外
IN,陸
OUT,弥
IN,糸
IN,守
IN,豆
OUT,葛
OUT,ば
IN,末
OUT,〜
IN,芸
IN,乙
IN,温
OUT,あ
IN,舞
IN,牛
OUT,セ
IN,珠
OUT,磐
IN,刈
OUT,芦
IN,寿
IN,科
OUT,ウ
IN,寄
IN,雄
OUT,デ
IN,紫
OUT,杵
IN,滑
IN,呉
IN,昭
IN,恵
IN,袋
OUT,猪
IN,周
OUT,シ
IN,養
IN,行
OUT,諏
IN,訪
IN,片
IN,築
IN,法
OUT,グ
IN,郎
IN,妻
IN,酒
OUT,弘
IN,置
OUT,槻
OUT,俣
OUT,吾
IN,仲
IN,竜
IN,弁
OUT,淀
IN,掛
IN,度
OUT,ド
OUT,萩
IN,総
OUT,り
OUT,智
IN,浅
IN,菊
IN,用
IN,空
IN,殿
IN,発
OUT,瑞
IN,芝
IN,正
IN,不
IN,父
OUT,揖
IN,駅
OUT,葵
OUT,斐
OUT,ズ
IN,紀
IN,飛
OUT,綾
IN,更
IN,庭
OUT,柴
OUT,釧
IN,磨
OUT,栖
OUT,粟
IN,友
OUT,邑
IN,境
OUT,ず
IN,師
IN,次
IN,走
IN,巣
OUT,苫
OUT,婁
OUT,テ
IN,鈴
OUT,パ
OUT,鴨
IN,具
OUT,菅
OUT,陀
IN,狩
IN,射
IN,貝
IN,泊
IN,切
IN,流
IN,文
IN,鳴
IN,印
OUT,じ
IN,理
IN,湖
OUT,咋
OUT,龍
IN,寒
IN,百
IN,線
OUT,ひ
IN,女
IN,種
IN,座
IN,妙
OUT,臼
IN,枚
IN,坪
IN,夕
IN,好
IN,氷
IN,茶
IN,濃
IN,開
OUT,オ
IN,品
IN,善
IN,洞
IN,盛
IN,社
IN,可
IN,免
OUT,錦
OUT,と
IN,芳
OUT,窪
OUT,エ
IN,満
IN,飾
OUT,鷹
OUT,條
IN,与
IN,納
IN,紋
IN,苗
OUT,耶
IN,人
IN,衣
IN,穴
OUT,彦
IN,細
OUT,辻
IN,柄
OUT,う
OUT,灘
IN,色
OUT,梁
IN,端
IN,予
IN,折
OUT,笹
IN,鏡
IN,舟
IN,宗
IN,双
IN,狭
IN,浄
IN,渋
OUT,す
IN,務
OUT,函
IN,迫
IN,諸
OUT,串
OUT,鳳
IN,房
IN,増
OUT,柿
OUT,ッ
IN,棚
OUT,虻
IN,興
IN,曲
IN,各
OUT,糠
IN,君
IN,賜
OUT,−
IN,団
IN,桃
OUT,リ
OUT,渕
OUT,や
IN,心
IN,余
OUT,・
OUT,舘
IN,並
IN,司
OUT,鎌
OUT,秦
IN,堤
IN,晴
IN,添
OUT,汐
OUT,ち
OUT,廿
IN,坊
OUT,諫
IN,潮
IN,帯
OUT,宕
IN,尼
OUT,檜
IN,観
OUT,霞
OUT,蘇
IN,猿
IN,防
IN,油
IN,巨
IN,学
OUT,ガ
OUT,燕
OUT,ほ
OUT,フ
IN,割
IN,面
OUT,桂
IN,浪
OUT,騨
IN,落
IN,垂
IN,風
IN,我
OUT,碧
IN,当
OUT,駿
IN,琴
IN,銅
OUT,茅
IN,対
IN,雨
IN,円
OUT,プ
IN,棟
OUT,峨
OUT,珂
OUT,樋
IN,荷
IN,盤
OUT,嵯
IN,寝
IN,反
IN,信
OUT,Ａ
OUT,宍
IN,又
IN,引
IN,星
OUT,ヒ
IN,植
OUT,亘
OUT,唄
OUT,嘉
OUT,夷
IN,羅
OUT,敦
OUT,せ
IN,薬
IN,払
OUT,蓮
IN,押
OUT,楠
OUT,烏
IN,壱
IN,動
IN,焼
OUT,鷲
IN,熱
IN,領
IN,閉
IN,歳
IN,模
IN,祖
OUT,む
IN,備
OUT,銚
IN,鬼
IN,秩
IN,公
OUT,サ
IN,彼
OUT,キ
IN,聖
IN,裏
IN,街
OUT,箕
IN,隠
OUT,桐
OUT,薩
IN,積
OUT,ぞ
IN,連
IN,附
IN,斜
IN,在
IN,結
OUT,べ
OUT,畠
OUT,嶋
OUT,レ
OUT,旛
IN,命
IN,慈
OUT,カ
IN,勇
IN,笛
OUT,湊
IN,工
IN,層
OUT,ナ
OUT,ハ
IN,霧
IN,追
OUT,ョ
OUT,鯖
IN,溝
OUT,蘭
IN,淡
IN,貫
IN,物
IN,味
IN,打
IN,第
OUT,荻
OUT,鴻
OUT,Ｉ
OUT,Ｍ
IN,陵
OUT,榎
IN,直
IN,売
IN,咲
OUT,し
OUT,ミ
OUT,樽
OUT,涌
IN,婦
IN,最
IN,斗
IN,鍛
IN,針
IN,祥
IN,触
OUT,Ｂ
OUT,枕
IN,筋
OUT,樫
IN,造
IN,影
IN,宅
IN,仏
OUT,鉾
IN,表
OUT,Ｐ
OUT,苅
IN,身
IN,極
IN,幕
IN,者
IN,芽
OUT,糟
IN,付
IN,浮
IN,童
OUT,鍋
IN,持
OUT,Ｒ
IN,指
OUT,杜
IN,字
OUT,淵
OUT,鵜
OUT,Ｓ
OUT,萱
OUT,冶
IN,産
IN,共
OUT,萌
IN,初
OUT,沙
OUT,Ｊ
OUT,曙
OUT,姶
OUT,玖
OUT,榛
IN,衛
IN,孫
IN,界
IN,束
IN,男
OUT,籠
IN,弓
IN,扇
OUT,こ
OUT,橿
IN,覇
IN,調
IN,丙
IN,修
IN,乗
IN,甘
IN,塔
IN,号
IN,箱
IN,貴
OUT,Ｏ
IN,無
IN,逆
OUT,奄
OUT,樺
IN,破
OUT,鳩
OUT,竈
OUT,嶺
IN,岬
OUT,楢
OUT,頸
IN,両
IN,進
IN,岳
IN,球
IN,冠
OUT,隈
OUT,醍
OUT,ど
IN,謝
OUT,醐
OUT,ニ
IN,才
IN,曇
IN,護
IN,源
OUT,頓
IN,銀
IN,忠
OUT,嵐
IN,任
IN,象
IN,皆
IN,宜
OUT,杷
IN,俵
IN,車
IN,洗
IN,願
IN,樹
IN,似
OUT,袖
IN,鼻
OUT,ｉ
OUT,ふ
IN,床
OUT,え
OUT,壬
OUT,藍
IN,段
IN,主
OUT,嬉
IN,洋
OUT,蟹
IN,母
IN,組
OUT,ャ
IN,材
OUT,匝
OUT,瑛
OUT,粕
IN,実
IN,定
OUT,惣
OUT,瑳
IN,助
IN,設
OUT,椎
IN,飼
IN,染
OUT,梶
IN,恩
OUT,」
OUT,橘
OUT,Ｔ
OUT,ｒ
OUT,ん
OUT,ｋ
IN,漆
OUT,鞍
IN,練
OUT,桶
IN,施
OUT,菱
IN,刀
IN,除
IN,力
IN,肥
OUT,倶
OUT,祢
OUT,枇
IN,陣
OUT,湧
IN,玄
OUT,雫
IN,員
IN,幾
IN,望
IN,干
IN,厳
IN,込
OUT,韮
IN,差
OUT,だ
IN,基
OUT,は
IN,夏
OUT,辰
OUT,砥
IN,問
IN,年
IN,峠
IN,綱
OUT,葦
OUT,頃
IN,紺
OUT,峯
OUT,椿
OUT,び
OUT,檮
IN,礼
OUT,Ｃ
IN,稚
OUT,虎
OUT,け
IN,伝
IN,蛇
IN,夜
OUT,聚
IN,電
IN,筒
IN,麦
IN,屈
OUT,チ
OUT,雁
OUT,瓦
IN,華
OUT,碇
IN,時
OUT,よ
IN,迎
OUT,於
OUT,鷺
OUT,岱
IN,権
IN,姉
OUT,薮
IN,建
OUT,瓜
OUT,柚
OUT,菖
IN,霊
IN,首
OUT,狐
OUT,雀
OUT,塙
OUT,ソ
IN,墨
OUT,菰
OUT,モ
IN,兼
OUT,メ
IN,肝
OUT,冨
IN,壁
OUT,ジ
OUT,桧
IN,緒
IN,但
IN,丈
IN,鉄
IN,黄
OUT,Ｘ
OUT,曳
IN,様
IN,夫
IN,詰
OUT,睦
IN,堅
IN,畔
OUT,ダ
OUT,厨
OUT,も
OUT,を
IN,額
OUT,ネ
IN,易
IN,普
IN,虫
IN,慶
IN,匠
IN,速
IN,政
OUT,蓬
OUT,厩
IN,照
IN,服
IN,弟
IN,祝
OUT,鮎
IN,自
IN,貿
IN,際
IN,摂
OUT,沓
IN,的
OUT,鍵
OUT,蛭
IN,業
OUT,ｚ
OUT,Ｙ
IN,義
IN,集
OUT,股
OUT,コ
IN,先
OUT,ュ
IN,財
OUT,Ｄ
IN,現
OUT,畷
IN,恋
OUT,槇
IN,旗
OUT,葭
IN,交
OUT,芹
OUT,櫛
IN,数
OUT,稗
IN,経
IN,朱
OUT,蓑
OUT,庵
IN,雪
IN,応
IN,火
IN,織
OUT,蕨
IN,得
IN,夢
OUT,爪
OUT,只
IN,希
OUT,苑
OUT,堰
IN,訓
IN,紅
OUT,鰺
OUT,蛸
IN,閑
OUT,ろ
IN,剣
IN,削
IN,覚
IN,箇
IN,拓
IN,藻
IN,属
IN,勧
OUT,犀
IN,腰
OUT,Ｚ
IN,協
IN,畝
OUT,挽
IN,農
OUT,ぬ
OUT,挾
IN,旅
OUT,喰
OUT,渚
IN,柱
OUT,牡
OUT,麓
OUT,蘂
OUT,澤
OUT,梗
OUT,麩
OUT,爺
OUT,姥
IN,帰
IN,祭
IN,提
IN,芋
OUT,毘
OUT,蒔
IN,振
OUT,ｗ
OUT,楯
IN,軍
IN,飽
OUT,ｅ
IN,薄
OUT,ａ
OUT,埜
OUT,ロ
OUT,ｈ
IN,湾
OUT,Ｎ
OUT,桔
OUT,ｎ
OUT,ｏ
OUT,潴
IN,刺
OUT,め
IN,類
IN,欠
IN,側
OUT,巾
OUT,ゆ
IN,渓
IN,釣
IN,供
IN,宰
OUT,竪
IN,跡
OUT,ぼ
IN,暮
IN,討
IN,鉢
OUT,斑
IN,親
OUT,嵩
OUT,逢
IN,懸
OUT,乃
IN,釈
IN,露
IN,卸
OUT,薗
IN,帆
IN,貞
OUT,爾
OUT,虹
IN,澄
IN,食
IN,位
IN,将
OUT,椌
OUT,此
IN,鎮
IN,官
IN,是
IN,如
IN,精
OUT,播
IN,菜
OUT,槌
IN,庶
OUT,膳
IN,起
OUT,杭
IN,等
OUT,鰐
IN,陰
IN,歩
IN,抜
OUT,祇
OUT,撫
IN,改
IN,紙
IN,瓶
OUT,楊
IN,習
OUT,芥
OUT,簸
IN,斎
OUT,茜
IN,則
IN,声
OUT,桝
IN,読
IN,誓
IN,甚
OUT,藪
IN,銭
OUT,篭
OUT,蒜
IN,鐘
IN,個
IN,氏
OUT,轟
IN,駄
IN,灰
IN,背
OUT,嬬
IN,突
IN,己
OUT,汲
OUT,菟
IN,運
IN,拝
IN,為
OUT,巳
OUT,鋸
IN,要
OUT,戊
OUT,摺
IN,依
IN,役
IN,雑
IN,禅
IN,沿
OUT,ベ
OUT,迦
OUT,李
IN,校
IN,忍
IN,猫
IN,待
IN,化
IN,旧
IN,呼
OUT,兎
IN,図
IN,遅
OUT,鶉
OUT,ね
IN,泥
IN,休
OUT,隼
IN,剛
IN,料
IN,般
IN,皿
IN,過
IN,儀
IN,副
OUT,椚
OUT,巽
IN,哲
IN,英
OUT,溪
OUT,杁
IN,構
IN,給
IN,尚
OUT,昌
IN,示
IN,季
IN,壇
IN,陶
IN,同
IN,昆
OUT,榊
IN,計
OUT,綴
IN,誉
IN,斉
OUT,旦
OUT,曾
OUT,椹
IN,恒
IN,濁
IN,耕
IN,事
IN,砲
IN,止
OUT,寅
IN,骨
OUT,戎
OUT,鮫
IN,妹
IN,論
IN,占
IN,繁
IN,因
IN,雷
IN,朴
IN,尺
OUT,櫃
OUT,埴
OUT,泙
IN,耳
IN,鋳
IN,升
OUT,蓼
OUT,鍬
IN,冬
IN,請
IN,壮
OUT,壺
OUT,菩
OUT,甑
IN,舌
IN,労
IN,炭
OUT,椋
OUT,瞥
IN,屯
OUT,鼎
IN,難
IN,綿
OUT,ヤ
OUT,畦
IN,帽
IN,替
IN,景
OUT,嶽
IN,意
IN,隆
OUT,狛
IN,崩
IN,戒
OUT,餅
IN,去
IN,至
IN,怒
IN,教
OUT,簗
OUT,栢
IN,穀
IN,奉
OUT,鶯
OUT,瀞
IN,借
IN,威
IN,程
IN,畳
IN,昼
IN,受
IN,奴
OUT,疋
IN,済
OUT,莇
IN,放
IN,揚
IN,冷
OUT,杖
OUT,蔭
OUT,茗
OUT,倭
OUT,荏
IN,器
OUT,獅
IN,拾
IN,値
OUT,巴
OUT,梯
OUT,丑
IN,勘
IN,仮
IN,輝
OUT,卯
OUT,蛯
IN,絹
OUT,袴
OUT,祁
IN,辛
OUT,驫
OUT,佃
IN,全
OUT,ポ
OUT,醒
IN,支
IN,縁
IN,悪
OUT,鵠
OUT,筏
OUT,狼
OUT,櫨
IN,判
OUT,ム
IN,絵
IN,帝
IN,扶
IN,粉
OUT,簾
IN,翁
OUT,檀
OUT,葎
OUT,楡
IN,午
IN,脚
OUT,椥
IN,列
IN,革
IN,頼
OUT,莱
IN,暁
OUT,れ
IN,窯
IN,講
OUT,蕪
IN,育
OUT,ぶ
IN,苦
OUT,糀
IN,鶏
OUT,釘
OUT,琶
IN,伴
IN,衡
IN,散
OUT,逗
OUT,鎚
IN,勅
IN,招
OUT,繋
IN,返
OUT,櫟
IN,顔
IN,刑
OUT,鮭
IN,往
IN,然
OUT,堵
IN,強
OUT,鯉
OUT,梓
OUT,樟
OUT,杣
IN,臨
IN,覧
OUT,鰍
OUT,肱
OUT,琵
IN,包
OUT,叶
IN,節
IN,害
IN,泰
OUT,鐙
OUT,籾
OUT,榑
OUT,ヌ
IN,胆
IN,殻
IN,続
OUT,鴫
OUT,喬
OUT,燈
OUT,苓
OUT,勒
OUT,賑
OUT,祓
IN,鉱
IN,漢
OUT,惠
OUT,裡
IN,郭
IN,晩
OUT,肴
IN,記
IN,使
IN,私
IN,及
IN,少
OUT,翠
IN,踏
OUT,ぐ
OUT,霄
IN,継
IN,申
OUT,泗
OUT,埣
IN,仕
IN,侍
OUT,伎
OUT,閤
IN,店
OUT,杏
IN,鼓
OUT,枳
IN,貢
IN,彩
IN,画
IN,潤
OUT,鑓
IN,職
OUT,ヨ
IN,管
OUT,鞘
IN,違
IN,鯨
OUT,鞆
OUT,ヱ
IN,匹
OUT,苔
IN,銘
OUT,鍜
OUT,狸
OUT,蔦
OUT,甫
IN,営
OUT,蕃
OUT,柑
IN,徒
OUT,鼠
IN,徹
OUT,祐
IN,思
OUT,匂
OUT,鯏
IN,秀
OUT,岫
OUT,祗
OUT,栂
OUT,輿
IN,峡
OUT,帷
IN,仰
IN,降
IN,負
IN,順
IN,炊
OUT,鱒
OUT,礒
OUT,趾
OUT,呑
IN,墓
IN,報
IN,著
IN,弐
OUT,楮
IN,皇
IN,答
OUT,蓋
IN,班
OUT,碓
IN,医
OUT,澗
OUT,荊
OUT,讃
IN,康
OUT,邇
IN,介
IN,塗
IN,頂
OUT,轡
IN,吐
IN,移
OUT,乞
IN,嫁
OUT,秤
OUT,勿
IN,終
IN,桟
OUT,溜
IN,蛍
IN,孝
OUT,狗
OUT,鴇
IN,健
OUT,與
IN,例
OUT,垢
IN,性
IN,鈍
OUT,藁
IN,商
OUT,薊
OUT,饒
IN,邸
OUT,硯
IN,鋼
IN,縫
IN,株
OUT,酉
OUT,兜
OUT,楓
OUT,蟻
IN,研
OUT,瓢
OUT,鮒
IN,寛
IN,求
IN,虚
OUT,肘
IN,煙
IN,卒
OUT,獺
OUT,蜻
OUT,屏
OUT,這
IN,挙
OUT,塘
OUT,躰
IN,笑
IN,書
OUT,刎
OUT,瀧
OUT,鯛
OUT,萢
IN,離
IN,尋
IN,漁
IN,窓
IN,埋
IN,陳
OUT,憧
IN,民
OUT,苧
IN,令
OUT,潭
OUT,其
IN,素
OUT,欽
OUT,蛎
IN,幣
IN,薦
IN,貸
OUT,柵
IN,懐
OUT,娃
OUT,螢
IN,監
OUT,卜
OUT,濱
OUT,也
IN,掃
IN,回
IN,随
OUT,箸
IN,投
IN,導
OUT,舛
OUT,蒼
OUT,げ
OUT,樅
OUT,茱
OUT,藺
OUT,臥
IN,採
IN,腹
IN,専
OUT,ヲ
OUT,鴛
IN,軸
OUT,杓
IN,倫
IN,麗
OUT,笥
IN,客
OUT,鉋
IN,薫
OUT,鯰
IN,筆
OUT,駕
IN,俊
OUT,垪
IN,寸
OUT,蛉
OUT,贄
OUT,椛
OUT,坦
IN,佳
OUT,竿
IN,机
IN,悦
IN,算
IN,吸
OUT,汀
IN,績
OUT,ホ
OUT,柞
OUT,淋
IN,弦
OUT,梵
OUT,亥
OUT,ブ
OUT,樒
OUT,瑠
OUT,頴
IN,邦
OUT,噌
OUT,薙
OUT,苺
OUT,膝
OUT,泓
IN,姓
IN,典
IN,着
OUT,蜷
IN,歓
OUT,ゴ
IN,賊
OUT,莫
IN,処
OUT,硲
OUT,鳶
OUT,斧
OUT,禰
IN,歴
IN,粧
OUT,搦
IN,囲
OUT,汰
IN,浴
OUT,朔
OUT,簑
OUT,箪
IN,整
IN,髪
OUT,鵯
IN,眼
OUT,頬
OUT,杢
IN,参
OUT,凪
OUT,ザ
IN,警
IN,残
IN,寮
OUT,鱈
IN,互
IN,談
OUT,湘
OUT,狢
OUT,剱
IN,量
OUT,櫓
OUT,蕗
OUT,桁
IN,戦
IN,灯
IN,識
OUT,煤
IN,碁
OUT,艮
IN,郊
OUT,魁
IN,兄
OUT,笈
OUT,坤
IN,捨
OUT,ょ
OUT,箭
OUT,佛
IN,憩
OUT,ゲ
IN,券
IN,帳
OUT,戌
OUT,鱗
OUT,ギ
OUT,蛤
OUT,巌
OUT,垈
OUT,袰
IN,隣
IN,許
OUT,麸
IN,蚕
IN,活
OUT,鎗
IN,障
OUT,餌
IN,奔
OUT,炮
OUT,衙
OUT,糺
OUT,圃
IN,賢
IN,粒
OUT,柘
IN,踊
IN,巡
OUT,稔
IN,昇
IN,拍
IN,啓
OUT,秣
IN,顕
OUT,鴉
IN,乱
IN,暑
IN,弾
OUT,禄
IN,言
OUT,バ
IN,撲
IN,病
OUT,葺
OUT,蝦
OUT,鴬
IN,枯
IN,誠
IN,再
OUT,燧
OUT,闇
IN,途
IN,潜
OUT,稜
IN,眺
OUT,舳
IN,還
OUT,鰯
OUT,礫
IN,寧
OUT,髭
OUT,雛
OUT,廟
IN,併
IN,逸
OUT,湫
IN,億
IN,未
IN,汗
OUT,颪
IN,汁
OUT,螺
OUT,琢
OUT,籏
OUT,當
IN,殖
IN,始
IN,配
OUT,稀
IN,酌
IN,据
OUT,璃
OUT,鮪
OUT,馴
OUT,峅
OUT,枋
IN,塀
IN,称
OUT,叡
IN,退
IN,羊
IN,究
OUT,ご
IN,固
OUT,鞠
IN,旨
OUT,蟇
OUT,釆
IN,機
IN,遣
OUT,酘
IN,譲
IN,閣
OUT,狙
OUT,枌
OUT,蝉
OUT,蜆
OUT,榴
OUT,鰭
IN,腕
OUT,筵
OUT,袈
OUT,潰
IN,驚
OUT,で
OUT,蕎
OUT,鏑
IN,響
OUT,孕
OUT,鎧
IN,維
OUT,伽
IN,敏
OUT,饗
IN,悲
OUT,忽
IN,短
IN,操
IN,鉛
IN,税
IN,独
OUT,圷
OUT,禾
OUT,漉
OUT,吠
OUT,靱
IN,酢
OUT,蔀
IN,血
OUT,ユ
OUT,ざ
OUT,萸
IN,盆
IN,到
OUT,竺
OUT,ヘ
IN,祈
OUT,箙
OUT,艘
IN,傘
IN,句
IN,紡
OUT,呰
OUT,鐺
IN,楼
OUT,磧
OUT,菴
OUT,罧
IN,章
OUT,侭
IN,範
OUT,狹
OUT,遙
IN,含
OUT,籟
OUT,へ
IN,航
OUT,勾
OUT,剥
OUT,緋
OUT,冥
OUT,躬
IN,域
OUT,芒
IN,禁
IN,功
IN,征
OUT,て
IN,敬
IN,了
OUT,紐
OUT,芙
OUT,圦
OUT,漕
IN,質
OUT,嚢
IN,栽
OUT,縢
OUT,○
IN,編
OUT,槍
OUT,孟
OUT,郛
OUT,姪
OUT,蘆
IN,架
OUT,毫
OUT,蟠
OUT,淳
IN,且
IN,涼
OUT,脛
OUT,橡
OUT,笏
IN,礎
OUT,鴎
OUT,ゼ
OUT,沮
OUT,鋤
OUT,枦
OUT,琉
OUT,餉
OUT,餠
OUT,蓉
OUT,粥
IN,転
OUT,癸
IN,密
IN,党
OUT,杤
IN,抱
IN,婆
OUT,珊
OUT,萠
OUT,梛
IN,鎖
IN,衝
IN,把
OUT,渠
IN,策
OUT,蔓
IN,炉
IN,碑
OUT,孑
IN,浸
OUT,鼡
IN,統
OUT,綺
IN,薪
OUT,采
IN,傾
IN,厘
OUT,飴
OUT,伍
IN,超
IN,案
IN,断
OUT,澱
OUT,凰
OUT,萬
OUT,觜
OUT,碕
OUT,栩
OUT,筥
IN,噴
IN,注
IN,朗
OUT,筱
OUT,宛
OUT,蠣
OUT,錺
IN,符
OUT,蜘
OUT,劔
OUT,晒
OUT,蟷
IN,棒
OUT,旱
IN,復
IN,熟
IN,遍
OUT,狄
IN,唯
IN,棄
IN,硫
IN,尉
OUT,皷
OUT,鯲
IN,息
OUT,麹
OUT,砧
OUT,弗
IN,宵
IN,点
OUT,苣
OUT,皐
IN,魔
IN,写
IN,紛
IN,戻
OUT,閏
IN,歯
IN,姿
OUT,濠
IN,紹
OUT,饅
IN,酸
IN,曹
IN,謡
OUT,蛙
OUT,篝
OUT,眉
OUT,櫻
OUT,粂
IN,告
OUT,螂
OUT,桴
OUT,呪
IN,毒
OUT,兀
IN,局
OUT,祠
IN,封
OUT,鞁
OUT,錫
OUT,蝶
IN,矯
OUT,椙
OUT,瘤
OUT,鈷
IN,幹
OUT,杠
IN,剰
IN,涯
OUT,樵
OUT,筈
IN,腐
IN,語
OUT,鰕
OUT,笊
OUT,駮
IN,稼
IN,恐
OUT,硴
OUT,岻
IN,勲
OUT,梹
OUT,鳰
IN,披
OUT,朧
OUT,掉
OUT,冑
OUT,劫
OUT,扣
IN,雌
OUT,餘
IN,穏
OUT,飫
OUT,鳧
OUT,惟
OUT,嶬
OUT,駝
IN,係
OUT,薔
OUT,榧
IN,必
OUT,弄
IN,審
OUT,猴
OUT,閨
OUT,實
IN,感
IN,悟
IN,殊
OUT,楳
IN,渦
OUT,瘻
OUT,檪
OUT,忰
IN,胸
OUT,ヰ
IN,情
IN,救
OUT,鑪
OUT,琳
IN,睡
OUT,凧
OUT,枅
IN,翌
OUT,〕
OUT,捻
OUT,濤
IN,徐
OUT,抓
OUT,賤
IN,彰
OUT,捲
OUT,蹄
IN,伸
OUT,禿
IN,緩
OUT,衲
IN,承
OUT,敲
OUT,宏
OUT,綣
OUT,卦
OUT,頤
IN,優
IN,膚
OUT,鈑
OUT,齋
IN,非
OUT,甥
OUT,莪
OUT,鼈
IN,急
OUT,戈
OUT,蒄
OUT,桙
OUT,笂
OUT,瑁
OUT,歎
OUT,粭
OUT,鞭
OUT,莎
IN,泡
OUT,崗
OUT,榿
OUT,榔
IN,術
OUT,峩
OUT,梺
OUT,熨
OUT,鷆
OUT,鏥
OUT,蚫
IN,堪
OUT,ぽ
OUT,禎
OUT,珀
OUT,湛
OUT,塒
OUT,薇
OUT,椅
OUT,糒
IN,寂
IN,刃
OUT,靖
IN,幼
OUT,埠
OUT,竃
OUT,濡
OUT,ェ
OUT,掎
OUT,椡
OUT,弩
OUT,畭
IN,后
OUT,墹
IN,解
OUT,儘
OUT,鉦
IN,粗
OUT,犢
OUT,甸
OUT,稽
OUT,樮
OUT,鮖
IN,装
IN,絶
OUT,沃
OUT,朶
OUT,ぷ
IN,沸
IN,卓
OUT,擶
IN,接
OUT,剃
IN,摘
IN,療
OUT,蒋
IN,滞
IN,異
OUT,猩
OUT,岼
IN,候
OUT,叺
OUT,鞦
OUT,橲
OUT,晃
IN,昔
OUT,鵲
IN,晶
OUT,乢
IN,眠
IN,坑
OUT,篶
OUT,碩
IN,便
OUT,庇
IN,珍
OUT,鍔
IN,卑
OUT,鮨
OUT,莅
OUT,樛
OUT,鈩
OUT,桷
IN,賞
OUT,垰
OUT,拳
IN,徴
OUT,猷
IN,枠
IN,褒
IN,遇
OUT,鐇
OUT,叉
OUT,俎
OUT,耻
IN,皮
OUT,跿
OUT,鋏
OUT,已
IN,扱
OUT,亟
OUT,棯
OUT,侈
OUT,駈
OUT,羨
OUT,轆
OUT,炬
OUT,嗽
OUT,應
OUT,笄
OUT,昧
OUT,萄
IN,買
OUT,祷
OUT,掻
IN,舗
OUT,焔
OUT,煎
IN,収
OUT,菫
OUT,槁
OUT,搗
IN,核
OUT,禽
IN,沈
OUT,甜
IN,授
IN,責
OUT,賽
OUT,鉈
IN,詠
OUT,埓
OUT,鬮
OUT,楜
IN,絡
OUT,爼
OUT,渭
OUT,舂
OUT,假
OUT,縞
OUT,伶
OUT,埖
OUT,蛾
OUT,澳
IN,担
IN,抽
OUT,糘
IN,赦
OUT,眞
IN,菓
OUT,笋
IN,故
IN,崇
OUT,楪
OUT,甕
OUT,猯
IN,酪
IN,縦
OUT,淞
OUT,娚
OUT,椴
OUT,駛
OUT,葱
OUT,橇
OUT,柧
OUT,轌
IN,限
IN,委
OUT,庖
IN,肩
OUT,蜑
IN,伺
OUT,栴
OUT,矼
OUT,效
OUT,靭
OUT,茸
OUT,塞
IN,覆
OUT,葹
OUT,釿
OUT,〔
OUT,桾
OUT,鱸
OUT,鰈
IN,猛
OUT,鯆
IN,尽
OUT,鵺
IN,湿
OUT,轤
OUT,閖
IN,叔
IN,試
IN,墾
OUT,艀
OUT,繩
OUT,藏
OUT,筌
OUT,莨
IN,雅
IN,獄
OUT,筍
OUT,胄
OUT,稱
OUT,纒
OUT,哉
OUT,釛
IN,滅
IN,奇
IN,刷
OUT,鬚
IN,滴
IN,史
OUT,蝮
OUT,鮠
OUT,撞
OUT,鰄
OUT,烟
OUT,ゃ
IN,凍
OUT,珸
OUT,糯
OUT,杙
OUT,峇
IN,議
IN,烈
OUT,窄
OUT,鶇
OUT,陦
OUT,ヴ
IN,特
OUT,緤
IN,裁
IN,繰
OUT,滕
IN,擬
OUT,箟
OUT,磑
OUT,壗
OUT,鰔
IN,辱
IN,毎
OUT,杼
OUT,舸
OUT,岨
OUT,剪
OUT,礬
OUT,筬
IN,堕
OUT,曼
OUT,蕉
OUT,蟆
OUT,國
IN,災
IN,勺
IN,級
OUT,玻
OUT,貰
OUT,閻
OUT,秬
IN,豪
OUT,窟
IN,盾
OUT,畉
OUT,坏
OUT,碆
OUT,棡
IN,奮
OUT,訶
IN,換
OUT,撰
OUT,椒
IN,尿
OUT,廼
OUT,晦
OUT,縊
OUT,啼
OUT,黛
OUT,椣
OUT,窕
OUT,苞
OUT,砿
OUT,禮
OUT,裳
OUT,鰹
IN,欲
OUT,麁
OUT,っ
OUT,泪
OUT,柤
OUT,箆
OUT,盃
OUT,饌
OUT,曰
OUT,栫
OUT,橦
OUT,慥
OUT,朋
OUT,舮
OUT,箒
OUT,槐
IN,糖
IN,奨
OUT,衾
OUT,瑤
IN,狂
IN,悠
IN,庁
