1,稼
1,恐
1,硴
1,岻
1,勲
1,梹
1,鳰
1,披
1,朧
1,掉
1,冑
1,劫
1,扣
1,雌
1,餘
1,穏
1,飫
1,鳧
1,惟
1,嶬
1,駝
1,係
1,薔
1,榧
1,必
1,弄
1,審
1,猴
1,閨
1,實
1,感
1,悟
1,殊
1,楳
1,渦
1,瘻
1,檪
1,忰
1,胸
1,ヰ
1,情
1,救
1,鑪
1,琳
1,睡
1,凧
1,枅
1,翌
1,〕
1,捻
1,濤
1,徐
1,抓
1,賤
1,彰
1,捲
1,蹄
1,伸
1,禿
1,緩
1,衲
1,承
1,敲
1,宏
1,綣
1,卦
1,頤
1,優
1,膚
1,鈑
1,齋
1,非
1,甥
1,莪
1,鼈
1,急
1,戈
1,蒄
1,桙
1,笂
1,瑁
1,歎
1,粭
1,鞭
1,莎
1,泡
1,崗
1,榿
1,榔
1,術
1,峩
1,梺
1,熨
1,鷆
1,鏥
1,蚫
1,堪
1,ぽ
1,禎
1,珀
1,湛
1,塒
1,薇
1,椅
1,糒
1,寂
1,刃
1,靖
1,幼
1,埠
1,竃
1,濡
1,ェ
1,掎
1,椡
1,弩
1,畭
1,后
1,墹
1,解
1,儘
1,鉦
1,粗
1,犢
1,甸
1,稽
1,樮
1,鮖
1,装
1,絶
1,沃
1,朶
1,ぷ
1,沸
1,卓
1,擶
1,接
1,剃
1,摘
1,療
1,蒋
1,滞
1,異
1,猩
1,岼
1,候
1,叺
1,鞦
1,橲
1,晃
1,昔
1,鵲
1,晶
1,乢
1,眠
1,坑
1,篶
1,碩
1,便
1,庇
1,珍
1,鍔
1,卑
1,鮨
1,莅
1,樛
1,鈩
1,桷
1,賞
1,垰
1,拳
1,徴
1,猷
1,枠
1,褒
1,遇
1,鐇
1,叉
1,俎
1,耻
1,皮
1,跿
1,鋏
1,已
1,扱
1,亟
1,棯
1,侈
1,駈
1,羨
1,轆
1,炬
1,嗽
1,應
1,笄
1,昧
1,萄
1,買
1,祷
1,掻
1,舗
1,焔
1,煎
1,収
1,菫
1,槁
1,搗
1,核
1,禽
1,沈
1,甜
1,授
1,責
1,賽
1,鉈
1,詠
1,埓
1,鬮
1,楜
1,絡
1,爼
1,渭
1,舂
1,假
1,縞
1,伶
1,埖
1,蛾
1,澳
1,担
1,抽
1,糘
1,赦
1,眞
1,菓
1,笋
1,故
1,崇
1,楪
1,甕
1,猯
1,酪
1,縦
1,淞
1,娚
1,椴
1,駛
1,葱
1,橇
1,柧
1,轌
1,限
1,委
1,庖
1,肩
1,蜑
1,伺
1,栴
1,矼
1,效
1,靭
1,茸
1,塞
1,覆
1,葹
1,釿
1,〔
1,桾
1,鱸
1,鰈
1,猛
1,鯆
1,尽
1,鵺
1,湿
1,轤
1,閖
1,叔
1,試
1,墾
1,艀
1,繩
1,藏
1,筌
1,莨
1,雅
1,獄
1,筍
1,胄
1,稱
1,纒
1,哉
1,釛
1,滅
1,奇
1,刷
1,鬚
1,滴
1,史
1,蝮
1,鮠
1,撞
1,鰄
1,烟
1,ゃ
1,凍
1,珸
1,糯
1,杙
1,峇
1,議
1,烈
1,窄
1,鶇
1,陦
1,ヴ
1,特
1,緤
1,裁
1,繰
1,滕
1,擬
1,箟
1,磑
1,壗
1,鰔
1,辱
1,毎
1,杼
1,舸
1,岨
1,剪
1,礬
1,筬
1,堕
1,曼
1,蕉
1,蟆
1,國
1,災
1,勺
1,級
1,玻
1,貰
1,閻
1,秬
1,豪
1,窟
1,盾
1,畉
1,坏
1,碆
1,棡
1,奮
1,訶
1,換
1,撰
1,椒
1,尿
1,廼
1,晦
1,縊
1,啼
1,黛
1,椣
1,窕
1,苞
1,砿
1,禮
1,裳
1,鰹
1,欲
1,麁
1,っ
1,泪
1,柤
1,箆
1,盃
1,饌
1,曰
1,栫
1,橦
1,慥
1,朋
1,舮
1,箒
1,槐
1,糖
1,奨
1,衾
1,瑤
1,狂
1,悠
1,庁
