東京都,千代田区,飯田橋
東京都,千代田区,一番町
東京都,千代田区,岩本町
東京都,千代田区,内神田
東京都,千代田区,内幸町
東京都,千代田区,大手町（次のビルを除く）
東京都,千代田区,大手町ＪＡビル（地階・階層不明）
東京都,千代田区,大手町ＪＡビル（１階）
東京都,千代田区,大手町ＪＡビル（２階）
東京都,千代田区,大手町ＪＡビル（３階）
東京都,千代田区,大手町ＪＡビル（４階）
東京都,千代田区,大手町ＪＡビル（５階）
東京都,千代田区,大手町ＪＡビル（６階）
東京都,千代田区,大手町ＪＡビル（７階）
東京都,千代田区,大手町ＪＡビル（８階）
東京都,千代田区,大手町ＪＡビル（９階）
東京都,千代田区,大手町ＪＡビル（１０階）
東京都,千代田区,大手町ＪＡビル（１１階）
東京都,千代田区,大手町ＪＡビル（１２階）
東京都,千代田区,大手町ＪＡビル（１３階）
東京都,千代田区,大手町ＪＡビル（１４階）
東京都,千代田区,大手町ＪＡビル（１５階）
東京都,千代田区,大手町ＪＡビル（１６階）
東京都,千代田区,大手町ＪＡビル（１７階）
東京都,千代田区,大手町ＪＡビル（１８階）
東京都,千代田区,大手町ＪＡビル（１９階）
東京都,千代田区,大手町ＪＡビル（２０階）
東京都,千代田区,大手町ＪＡビル（２１階）
東京都,千代田区,大手町ＪＡビル（２２階）
東京都,千代田区,大手町ＪＡビル（２３階）
東京都,千代田区,大手町ＪＡビル（２４階）
東京都,千代田区,大手町ＪＡビル（２５階）
東京都,千代田区,大手町ＪＡビル（２６階）
東京都,千代田区,大手町ＪＡビル（２７階）
東京都,千代田区,大手町ＪＡビル（２８階）
東京都,千代田区,大手町ＪＡビル（２９階）
東京都,千代田区,大手町ＪＡビル（３０階）
東京都,千代田区,大手町ＪＡビル（３１階）
東京都,千代田区,大手町ＪＡビル（３２階）
東京都,千代田区,大手町ＪＡビル（３３階）
東京都,千代田区,大手町ＪＡビル（３４階）
東京都,千代田区,大手町ＪＡビル（３５階）
東京都,千代田区,大手町ＪＡビル（３６階）
東京都,千代田区,大手町ＪＡビル（３７階）
東京都,千代田区,鍛冶町
東京都,千代田区,霞が関（次のビルを除く）
東京都,千代田区,霞が関霞が関ビル（地階・階層不明）
東京都,千代田区,霞が関霞が関ビル（１階）
東京都,千代田区,霞が関霞が関ビル（２階）
東京都,千代田区,霞が関霞が関ビル（３階）
東京都,千代田区,霞が関霞が関ビル（４階）
東京都,千代田区,霞が関霞が関ビル（５階）
東京都,千代田区,霞が関霞が関ビル（６階）
東京都,千代田区,霞が関霞が関ビル（７階）
東京都,千代田区,霞が関霞が関ビル（８階）
東京都,千代田区,霞が関霞が関ビル（９階）
東京都,千代田区,霞が関霞が関ビル（１０階）
東京都,千代田区,霞が関霞が関ビル（１１階）
東京都,千代田区,霞が関霞が関ビル（１２階）
東京都,千代田区,霞が関霞が関ビル（１３階）
東京都,千代田区,霞が関霞が関ビル（１４階）
東京都,千代田区,霞が関霞が関ビル（１５階）
東京都,千代田区,霞が関霞が関ビル（１６階）
東京都,千代田区,霞が関霞が関ビル（１７階）
東京都,千代田区,霞が関霞が関ビル（１８階）
東京都,千代田区,霞が関霞が関ビル（１９階）
東京都,千代田区,霞が関霞が関ビル（２０階）
東京都,千代田区,霞が関霞が関ビル（２１階）
東京都,千代田区,霞が関霞が関ビル（２２階）
東京都,千代田区,霞が関霞が関ビル（２３階）
東京都,千代田区,霞が関霞が関ビル（２４階）
東京都,千代田区,霞が関霞が関ビル（２５階）
東京都,千代田区,霞が関霞が関ビル（２６階）
東京都,千代田区,霞が関霞が関ビル（２７階）
東京都,千代田区,霞が関霞が関ビル（２８階）
東京都,千代田区,霞が関霞が関ビル（２９階）
東京都,千代田区,霞が関霞が関ビル（３０階）
東京都,千代田区,霞が関霞が関ビル（３１階）
東京都,千代田区,霞が関霞が関ビル（３２階）
東京都,千代田区,霞が関霞が関ビル（３３階）
東京都,千代田区,霞が関霞が関ビル（３４階）
東京都,千代田区,霞が関霞が関ビル（３５階）
東京都,千代田区,霞が関霞が関ビル（３６階）
東京都,千代田区,神田相生町
東京都,千代田区,神田淡路町
東京都,千代田区,神田和泉町
東京都,千代田区,神田岩本町
東京都,千代田区,神田小川町
東京都,千代田区,神田鍛冶町
東京都,千代田区,神田北乗物町
東京都,千代田区,神田紺屋町
東京都,千代田区,神田佐久間河岸
東京都,千代田区,神田佐久間町
東京都,千代田区,神田神保町
東京都,千代田区,神田須田町
東京都,千代田区,神田駿河台
東京都,千代田区,神田多町
東京都,千代田区,神田司町
東京都,千代田区,神田富山町
東京都,千代田区,神田錦町
東京都,千代田区,神田西福田町
東京都,千代田区,神田練塀町
東京都,千代田区,神田花岡町
東京都,千代田区,神田東紺屋町
東京都,千代田区,神田東松下町
東京都,千代田区,神田平河町
東京都,千代田区,神田松永町
東京都,千代田区,神田美倉町
東京都,千代田区,神田美土代町
東京都,千代田区,紀尾井町
東京都,千代田区,北の丸公園
東京都,千代田区,九段南
東京都,千代田区,九段北
東京都,千代田区,皇居外苑
東京都,千代田区,麹町
東京都,千代田区,五番町
東京都,千代田区,猿楽町
東京都,千代田区,三番町
東京都,千代田区,外神田
東京都,千代田区,千代田
東京都,千代田区,永田町（次のビルを除く）
東京都,千代田区,永田町山王パークタワー（地階・階層不明）
東京都,千代田区,永田町山王パークタワー（１階）
東京都,千代田区,永田町山王パークタワー（２階）
東京都,千代田区,永田町山王パークタワー（３階）
東京都,千代田区,永田町山王パークタワー（４階）
東京都,千代田区,永田町山王パークタワー（５階）
東京都,千代田区,永田町山王パークタワー（６階）
東京都,千代田区,永田町山王パークタワー（７階）
東京都,千代田区,永田町山王パークタワー（８階）
東京都,千代田区,永田町山王パークタワー（９階）
東京都,千代田区,永田町山王パークタワー（１０階）
東京都,千代田区,永田町山王パークタワー（１１階）
東京都,千代田区,永田町山王パークタワー（１２階）
東京都,千代田区,永田町山王パークタワー（１３階）
東京都,千代田区,永田町山王パークタワー（１４階）
東京都,千代田区,永田町山王パークタワー（１５階）
東京都,千代田区,永田町山王パークタワー（１６階）
東京都,千代田区,永田町山王パークタワー（１７階）
東京都,千代田区,永田町山王パークタワー（１８階）
東京都,千代田区,永田町山王パークタワー（１９階）
東京都,千代田区,永田町山王パークタワー（２０階）
東京都,千代田区,永田町山王パークタワー（２１階）
東京都,千代田区,永田町山王パークタワー（２２階）
東京都,千代田区,永田町山王パークタワー（２３階）
東京都,千代田区,永田町山王パークタワー（２４階）
東京都,千代田区,永田町山王パークタワー（２５階）
東京都,千代田区,永田町山王パークタワー（２６階）
東京都,千代田区,永田町山王パークタワー（２７階）
東京都,千代田区,永田町山王パークタワー（２８階）
東京都,千代田区,永田町山王パークタワー（２９階）
東京都,千代田区,永田町山王パークタワー（３０階）
東京都,千代田区,永田町山王パークタワー（３１階）
東京都,千代田区,永田町山王パークタワー（３２階）
東京都,千代田区,永田町山王パークタワー（３３階）
東京都,千代田区,永田町山王パークタワー（３４階）
東京都,千代田区,永田町山王パークタワー（３５階）
東京都,千代田区,永田町山王パークタワー（３６階）
東京都,千代田区,永田町山王パークタワー（３７階）
東京都,千代田区,永田町山王パークタワー（３８階）
東京都,千代田区,永田町山王パークタワー（３９階）
東京都,千代田区,永田町山王パークタワー（４０階）
東京都,千代田区,永田町山王パークタワー（４１階）
東京都,千代田区,永田町山王パークタワー（４２階）
東京都,千代田区,永田町山王パークタワー（４３階）
東京都,千代田区,永田町山王パークタワー（４４階）
東京都,千代田区,西神田
東京都,千代田区,二番町
東京都,千代田区,隼町
東京都,千代田区,東神田
東京都,千代田区,一ツ橋（１丁目）
東京都,千代田区,一ツ橋（２丁目）
東京都,千代田区,日比谷公園
東京都,千代田区,平河町
東京都,千代田区,富士見
東京都,千代田区,丸の内（次のビルを除く）
東京都,千代田区,丸の内グラントウキョウサウスタワー（地階・階層不明）
東京都,千代田区,丸の内グラントウキョウサウスタワー（１階）
東京都,千代田区,丸の内グラントウキョウサウスタワー（２階）
東京都,千代田区,丸の内グラントウキョウサウスタワー（３階）
東京都,千代田区,丸の内グラントウキョウサウスタワー（４階）
東京都,千代田区,丸の内グラントウキョウサウスタワー（５階）
東京都,千代田区,丸の内グラントウキョウサウスタワー（６階）
東京都,千代田区,丸の内グラントウキョウサウスタワー（７階）
東京都,千代田区,丸の内グラントウキョウサウスタワー（８階）
東京都,千代田区,丸の内グラントウキョウサウスタワー（９階）
東京都,千代田区,丸の内グラントウキョウサウスタワー（１０階）
東京都,千代田区,丸の内グラントウキョウサウスタワー（１１階）
東京都,千代田区,丸の内グラントウキョウサウスタワー（１２階）
東京都,千代田区,丸の内グラントウキョウサウスタワー（１３階）
東京都,千代田区,丸の内グラントウキョウサウスタワー（１４階）
東京都,千代田区,丸の内グラントウキョウサウスタワー（１５階）
東京都,千代田区,丸の内グラントウキョウサウスタワー（１６階）
東京都,千代田区,丸の内グラントウキョウサウスタワー（１７階）
東京都,千代田区,丸の内グラントウキョウサウスタワー（１８階）
東京都,千代田区,丸の内グラントウキョウサウスタワー（１９階）
東京都,千代田区,丸の内グラントウキョウサウスタワー（２０階）
東京都,千代田区,丸の内グラントウキョウサウスタワー（２１階）
東京都,千代田区,丸の内グラントウキョウサウスタワー（２２階）
東京都,千代田区,丸の内グラントウキョウサウスタワー（２３階）
東京都,千代田区,丸の内グラントウキョウサウスタワー（２４階）
東京都,千代田区,丸の内グラントウキョウサウスタワー（２５階）
東京都,千代田区,丸の内グラントウキョウサウスタワー（２６階）
東京都,千代田区,丸の内グラントウキョウサウスタワー（２７階）
東京都,千代田区,丸の内グラントウキョウサウスタワー（２８階）
東京都,千代田区,丸の内グラントウキョウサウスタワー（２９階）
東京都,千代田区,丸の内グラントウキョウサウスタワー（３０階）
東京都,千代田区,丸の内グラントウキョウサウスタワー（３１階）
東京都,千代田区,丸の内グラントウキョウサウスタワー（３２階）
東京都,千代田区,丸の内グラントウキョウサウスタワー（３３階）
東京都,千代田区,丸の内グラントウキョウサウスタワー（３４階）
東京都,千代田区,丸の内グラントウキョウサウスタワー（３５階）
東京都,千代田区,丸の内グラントウキョウサウスタワー（３６階）
東京都,千代田区,丸の内グラントウキョウサウスタワー（３７階）
東京都,千代田区,丸の内グラントウキョウサウスタワー（３８階）
東京都,千代田区,丸の内グラントウキョウサウスタワー（３９階）
東京都,千代田区,丸の内グラントウキョウサウスタワー（４０階）
東京都,千代田区,丸の内グラントウキョウサウスタワー（４１階）
東京都,千代田区,丸の内グラントウキョウサウスタワー（４２階）
東京都,千代田区,丸の内グラントウキョウノースタワー（地階・階層不明）
東京都,千代田区,丸の内グラントウキョウノースタワー（１階）
東京都,千代田区,丸の内グラントウキョウノースタワー（２階）
東京都,千代田区,丸の内グラントウキョウノースタワー（３階）
東京都,千代田区,丸の内グラントウキョウノースタワー（４階）
東京都,千代田区,丸の内グラントウキョウノースタワー（５階）
東京都,千代田区,丸の内グラントウキョウノースタワー（６階）
東京都,千代田区,丸の内グラントウキョウノースタワー（７階）
東京都,千代田区,丸の内グラントウキョウノースタワー（８階）
東京都,千代田区,丸の内グラントウキョウノースタワー（９階）
東京都,千代田区,丸の内グラントウキョウノースタワー（１０階）
東京都,千代田区,丸の内グラントウキョウノースタワー（１１階）
東京都,千代田区,丸の内グラントウキョウノースタワー（１２階）
東京都,千代田区,丸の内グラントウキョウノースタワー（１３階）
東京都,千代田区,丸の内グラントウキョウノースタワー（１４階）
東京都,千代田区,丸の内グラントウキョウノースタワー（１５階）
東京都,千代田区,丸の内グラントウキョウノースタワー（１６階）
東京都,千代田区,丸の内グラントウキョウノースタワー（１７階）
東京都,千代田区,丸の内グラントウキョウノースタワー（１８階）
東京都,千代田区,丸の内グラントウキョウノースタワー（１９階）
東京都,千代田区,丸の内グラントウキョウノースタワー（２０階）
東京都,千代田区,丸の内グラントウキョウノースタワー（２１階）
東京都,千代田区,丸の内グラントウキョウノースタワー（２２階）
東京都,千代田区,丸の内グラントウキョウノースタワー（２３階）
東京都,千代田区,丸の内グラントウキョウノースタワー（２４階）
東京都,千代田区,丸の内グラントウキョウノースタワー（２５階）
東京都,千代田区,丸の内グラントウキョウノースタワー（２６階）
東京都,千代田区,丸の内グラントウキョウノースタワー（２７階）
東京都,千代田区,丸の内グラントウキョウノースタワー（２８階）
東京都,千代田区,丸の内グラントウキョウノースタワー（２９階）
東京都,千代田区,丸の内グラントウキョウノースタワー（３０階）
東京都,千代田区,丸の内グラントウキョウノースタワー（３１階）
東京都,千代田区,丸の内グラントウキョウノースタワー（３２階）
東京都,千代田区,丸の内グラントウキョウノースタワー（３３階）
東京都,千代田区,丸の内グラントウキョウノースタワー（３４階）
東京都,千代田区,丸の内グラントウキョウノースタワー（３５階）
東京都,千代田区,丸の内グラントウキョウノースタワー（３６階）
東京都,千代田区,丸の内グラントウキョウノースタワー（３７階）
東京都,千代田区,丸の内グラントウキョウノースタワー（３８階）
東京都,千代田区,丸の内グラントウキョウノースタワー（３９階）
東京都,千代田区,丸の内グラントウキョウノースタワー（４０階）
東京都,千代田区,丸の内グラントウキョウノースタワー（４１階）
東京都,千代田区,丸の内グラントウキョウノースタワー（４２階）
東京都,千代田区,丸の内グラントウキョウノースタワー（４３階）
東京都,千代田区,丸の内新丸の内ビルディング（地階・階層不明）
東京都,千代田区,丸の内新丸の内ビルディング（１階）
東京都,千代田区,丸の内新丸の内ビルディング（２階）
東京都,千代田区,丸の内新丸の内ビルディング（３階）
東京都,千代田区,丸の内新丸の内ビルディング（４階）
東京都,千代田区,丸の内新丸の内ビルディング（５階）
東京都,千代田区,丸の内新丸の内ビルディング（６階）
東京都,千代田区,丸の内新丸の内ビルディング（７階）
東京都,千代田区,丸の内新丸の内ビルディング（８階）
東京都,千代田区,丸の内新丸の内ビルディング（９階）
東京都,千代田区,丸の内新丸の内ビルディング（１０階）
東京都,千代田区,丸の内新丸の内ビルディング（１１階）
東京都,千代田区,丸の内新丸の内ビルディング（１２階）
東京都,千代田区,丸の内新丸の内ビルディング（１３階）
東京都,千代田区,丸の内新丸の内ビルディング（１４階）
東京都,千代田区,丸の内新丸の内ビルディング（１５階）
東京都,千代田区,丸の内新丸の内ビルディング（１６階）
東京都,千代田区,丸の内新丸の内ビルディング（１７階）
東京都,千代田区,丸の内新丸の内ビルディング（１８階）
東京都,千代田区,丸の内新丸の内ビルディング（１９階）
東京都,千代田区,丸の内新丸の内ビルディング（２０階）
東京都,千代田区,丸の内新丸の内ビルディング（２１階）
東京都,千代田区,丸の内新丸の内ビルディング（２２階）
東京都,千代田区,丸の内新丸の内ビルディング（２３階）
東京都,千代田区,丸の内新丸の内ビルディング（２４階）
東京都,千代田区,丸の内新丸の内ビルディング（２５階）
東京都,千代田区,丸の内新丸の内ビルディング（２６階）
東京都,千代田区,丸の内新丸の内ビルディング（２７階）
東京都,千代田区,丸の内新丸の内ビルディング（２８階）
東京都,千代田区,丸の内新丸の内ビルディング（２９階）
東京都,千代田区,丸の内新丸の内ビルディング（３０階）
東京都,千代田区,丸の内新丸の内ビルディング（３１階）
東京都,千代田区,丸の内新丸の内ビルディング（３２階）
東京都,千代田区,丸の内新丸の内ビルディング（３３階）
東京都,千代田区,丸の内新丸の内ビルディング（３４階）
東京都,千代田区,丸の内新丸の内ビルディング（３５階）
東京都,千代田区,丸の内新丸の内ビルディング（３６階）
東京都,千代田区,丸の内新丸の内ビルディング（３７階）
東京都,千代田区,丸の内新丸の内ビルディング（３８階）
東京都,千代田区,丸の内東京ビルディング（地階・階層不明）
東京都,千代田区,丸の内東京ビルディング（１階）
東京都,千代田区,丸の内東京ビルディング（２階）
東京都,千代田区,丸の内東京ビルディング（３階）
東京都,千代田区,丸の内東京ビルディング（４階）
東京都,千代田区,丸の内東京ビルディング（５階）
東京都,千代田区,丸の内東京ビルディング（６階）
東京都,千代田区,丸の内東京ビルディング（７階）
東京都,千代田区,丸の内東京ビルディング（８階）
東京都,千代田区,丸の内東京ビルディング（９階）
東京都,千代田区,丸の内東京ビルディング（１０階）
東京都,千代田区,丸の内東京ビルディング（１１階）
東京都,千代田区,丸の内東京ビルディング（１２階）
東京都,千代田区,丸の内東京ビルディング（１３階）
東京都,千代田区,丸の内東京ビルディング（１４階）
東京都,千代田区,丸の内東京ビルディング（１５階）
東京都,千代田区,丸の内東京ビルディング（１６階）
東京都,千代田区,丸の内東京ビルディング（１７階）
東京都,千代田区,丸の内東京ビルディング（１８階）
東京都,千代田区,丸の内東京ビルディング（１９階）
東京都,千代田区,丸の内東京ビルディング（２０階）
東京都,千代田区,丸の内東京ビルディング（２１階）
東京都,千代田区,丸の内東京ビルディング（２２階）
東京都,千代田区,丸の内東京ビルディング（２３階）
東京都,千代田区,丸の内東京ビルディング（２４階）
東京都,千代田区,丸の内東京ビルディング（２５階）
東京都,千代田区,丸の内東京ビルディング（２６階）
東京都,千代田区,丸の内東京ビルディング（２７階）
東京都,千代田区,丸の内東京ビルディング（２８階）
東京都,千代田区,丸の内東京ビルディング（２９階）
東京都,千代田区,丸の内東京ビルディング（３０階）
東京都,千代田区,丸の内東京ビルディング（３１階）
東京都,千代田区,丸の内東京ビルディング（３２階）
東京都,千代田区,丸の内東京ビルディング（３３階）
東京都,千代田区,丸の内パシフィックセンチュリープレイス丸の内（地階・階層不明）
東京都,千代田区,丸の内パシフィックセンチュリープレイス丸の内（１階）
東京都,千代田区,丸の内パシフィックセンチュリープレイス丸の内（２階）
東京都,千代田区,丸の内パシフィックセンチュリープレイス丸の内（３階）
東京都,千代田区,丸の内パシフィックセンチュリープレイス丸の内（４階）
東京都,千代田区,丸の内パシフィックセンチュリープレイス丸の内（５階）
東京都,千代田区,丸の内パシフィックセンチュリープレイス丸の内（６階）
東京都,千代田区,丸の内パシフィックセンチュリープレイス丸の内（７階）
東京都,千代田区,丸の内パシフィックセンチュリープレイス丸の内（８階）
東京都,千代田区,丸の内パシフィックセンチュリープレイス丸の内（９階）
東京都,千代田区,丸の内パシフィックセンチュリープレイス丸の内（１０階）
東京都,千代田区,丸の内パシフィックセンチュリープレイス丸の内（１１階）
東京都,千代田区,丸の内パシフィックセンチュリープレイス丸の内（１２階）
東京都,千代田区,丸の内パシフィックセンチュリープレイス丸の内（１３階）
東京都,千代田区,丸の内パシフィックセンチュリープレイス丸の内（１４階）
東京都,千代田区,丸の内パシフィックセンチュリープレイス丸の内（１５階）
東京都,千代田区,丸の内パシフィックセンチュリープレイス丸の内（１６階）
東京都,千代田区,丸の内パシフィックセンチュリープレイス丸の内（１７階）
東京都,千代田区,丸の内パシフィックセンチュリープレイス丸の内（１８階）
東京都,千代田区,丸の内パシフィックセンチュリープレイス丸の内（１９階）
東京都,千代田区,丸の内パシフィックセンチュリープレイス丸の内（２０階）
東京都,千代田区,丸の内パシフィックセンチュリープレイス丸の内（２１階）
東京都,千代田区,丸の内パシフィックセンチュリープレイス丸の内（２２階）
東京都,千代田区,丸の内パシフィックセンチュリープレイス丸の内（２３階）
東京都,千代田区,丸の内パシフィックセンチュリープレイス丸の内（２４階）
東京都,千代田区,丸の内パシフィックセンチュリープレイス丸の内（２５階）
東京都,千代田区,丸の内パシフィックセンチュリープレイス丸の内（２６階）
東京都,千代田区,丸の内パシフィックセンチュリープレイス丸の内（２７階）
東京都,千代田区,丸の内パシフィックセンチュリープレイス丸の内（２８階）
東京都,千代田区,丸の内パシフィックセンチュリープレイス丸の内（２９階）
東京都,千代田区,丸の内パシフィックセンチュリープレイス丸の内（３０階）
東京都,千代田区,丸の内パシフィックセンチュリープレイス丸の内（３１階）
東京都,千代田区,丸の内丸の内パークビルディング（地階・階層不明）
東京都,千代田区,丸の内丸の内パークビルディング（１階）
東京都,千代田区,丸の内丸の内パークビルディング（２階）
東京都,千代田区,丸の内丸の内パークビルディング（３階）
東京都,千代田区,丸の内丸の内パークビルディング（４階）
東京都,千代田区,丸の内丸の内パークビルディング（５階）
東京都,千代田区,丸の内丸の内パークビルディング（６階）
東京都,千代田区,丸の内丸の内パークビルディング（７階）
東京都,千代田区,丸の内丸の内パークビルディング（８階）
東京都,千代田区,丸の内丸の内パークビルディング（９階）
東京都,千代田区,丸の内丸の内パークビルディング（１０階）
東京都,千代田区,丸の内丸の内パークビルディング（１１階）
東京都,千代田区,丸の内丸の内パークビルディング（１２階）
東京都,千代田区,丸の内丸の内パークビルディング（１３階）
東京都,千代田区,丸の内丸の内パークビルディング（１４階）
東京都,千代田区,丸の内丸の内パークビルディング（１５階）
東京都,千代田区,丸の内丸の内パークビルディング（１６階）
東京都,千代田区,丸の内丸の内パークビルディング（１７階）
東京都,千代田区,丸の内丸の内パークビルディング（１８階）
東京都,千代田区,丸の内丸の内パークビルディング（１９階）
東京都,千代田区,丸の内丸の内パークビルディング（２０階）
東京都,千代田区,丸の内丸の内パークビルディング（２１階）
東京都,千代田区,丸の内丸の内パークビルディング（２２階）
東京都,千代田区,丸の内丸の内パークビルディング（２３階）
東京都,千代田区,丸の内丸の内パークビルディング（２４階）
東京都,千代田区,丸の内丸の内パークビルディング（２５階）
東京都,千代田区,丸の内丸の内パークビルディング（２６階）
東京都,千代田区,丸の内丸の内パークビルディング（２７階）
東京都,千代田区,丸の内丸の内パークビルディング（２８階）
東京都,千代田区,丸の内丸の内パークビルディング（２９階）
東京都,千代田区,丸の内丸の内パークビルディング（３０階）
東京都,千代田区,丸の内丸の内パークビルディング（３１階）
東京都,千代田区,丸の内丸の内パークビルディング（３２階）
東京都,千代田区,丸の内丸の内パークビルディング（３３階）
東京都,千代田区,丸の内丸の内パークビルディング（３４階）
東京都,千代田区,丸の内丸の内ビルディング（地階・階層不明）
東京都,千代田区,丸の内丸の内ビルディング（１階）
東京都,千代田区,丸の内丸の内ビルディング（２階）
東京都,千代田区,丸の内丸の内ビルディング（３階）
東京都,千代田区,丸の内丸の内ビルディング（４階）
東京都,千代田区,丸の内丸の内ビルディング（５階）
東京都,千代田区,丸の内丸の内ビルディング（６階）
東京都,千代田区,丸の内丸の内ビルディング（７階）
東京都,千代田区,丸の内丸の内ビルディング（８階）
東京都,千代田区,丸の内丸の内ビルディング（９階）
東京都,千代田区,丸の内丸の内ビルディング（１０階）
東京都,千代田区,丸の内丸の内ビルディング（１１階）
東京都,千代田区,丸の内丸の内ビルディング（１２階）
東京都,千代田区,丸の内丸の内ビルディング（１３階）
東京都,千代田区,丸の内丸の内ビルディング（１４階）
東京都,千代田区,丸の内丸の内ビルディング（１５階）
東京都,千代田区,丸の内丸の内ビルディング（１６階）
東京都,千代田区,丸の内丸の内ビルディング（１７階）
東京都,千代田区,丸の内丸の内ビルディング（１８階）
東京都,千代田区,丸の内丸の内ビルディング（１９階）
東京都,千代田区,丸の内丸の内ビルディング（２０階）
東京都,千代田区,丸の内丸の内ビルディング（２１階）
東京都,千代田区,丸の内丸の内ビルディング（２２階）
東京都,千代田区,丸の内丸の内ビルディング（２３階）
東京都,千代田区,丸の内丸の内ビルディング（２４階）
東京都,千代田区,丸の内丸の内ビルディング（２５階）
東京都,千代田区,丸の内丸の内ビルディング（２６階）
東京都,千代田区,丸の内丸の内ビルディング（２７階）
東京都,千代田区,丸の内丸の内ビルディング（２８階）
東京都,千代田区,丸の内丸の内ビルディング（２９階）
東京都,千代田区,丸の内丸の内ビルディング（３０階）
東京都,千代田区,丸の内丸の内ビルディング（３１階）
東京都,千代田区,丸の内丸の内ビルディング（３２階）
東京都,千代田区,丸の内丸の内ビルディング（３３階）
東京都,千代田区,丸の内丸の内ビルディング（３４階）
東京都,千代田区,丸の内丸の内ビルディング（３５階）
東京都,千代田区,丸の内丸の内ビルディング（３６階）
東京都,千代田区,丸の内丸の内ビルディング（３７階）
東京都,千代田区,三崎町
東京都,千代田区,有楽町
東京都,千代田区,四番町
東京都,千代田区,六番町
東京都,中央区,明石町
東京都,中央区,入船
東京都,中央区,勝どき
東京都,中央区,京橋
東京都,中央区,銀座
東京都,中央区,新川
東京都,中央区,新富
東京都,中央区,月島
東京都,中央区,築地
東京都,中央区,佃
東京都,中央区,豊海町
東京都,中央区,日本橋
東京都,中央区,日本橋大伝馬町
東京都,中央区,日本橋蛎殻町
東京都,中央区,日本橋兜町
東京都,中央区,日本橋茅場町
東京都,中央区,日本橋小網町
東京都,中央区,日本橋小伝馬町
東京都,中央区,日本橋小舟町
東京都,中央区,日本橋富沢町
東京都,中央区,日本橋中洲
東京都,中央区,日本橋人形町
東京都,中央区,日本橋箱崎町
東京都,中央区,日本橋浜町
東京都,中央区,日本橋馬喰町
東京都,中央区,日本橋久松町
東京都,中央区,日本橋堀留町
東京都,中央区,日本橋本石町
東京都,中央区,日本橋本町
東京都,中央区,日本橋室町
東京都,中央区,日本橋横山町
東京都,中央区,八丁堀
東京都,中央区,浜離宮庭園
東京都,中央区,晴海（次のビルを除く）
東京都,中央区,晴海オフィスタワーＸ（地階・階層不明）
東京都,中央区,晴海オフィスタワーＸ（１階）
東京都,中央区,晴海オフィスタワーＸ（２階）
東京都,中央区,晴海オフィスタワーＸ（３階）
東京都,中央区,晴海オフィスタワーＸ（４階）
東京都,中央区,晴海オフィスタワーＸ（５階）
東京都,中央区,晴海オフィスタワーＸ（６階）
東京都,中央区,晴海オフィスタワーＸ（７階）
東京都,中央区,晴海オフィスタワーＸ（８階）
東京都,中央区,晴海オフィスタワーＸ（９階）
東京都,中央区,晴海オフィスタワーＸ（１０階）
東京都,中央区,晴海オフィスタワーＸ（１１階）
東京都,中央区,晴海オフィスタワーＸ（１２階）
東京都,中央区,晴海オフィスタワーＸ（１３階）
東京都,中央区,晴海オフィスタワーＸ（１４階）
東京都,中央区,晴海オフィスタワーＸ（１５階）
東京都,中央区,晴海オフィスタワーＸ（１６階）
東京都,中央区,晴海オフィスタワーＸ（１７階）
東京都,中央区,晴海オフィスタワーＸ（１８階）
東京都,中央区,晴海オフィスタワーＸ（１９階）
東京都,中央区,晴海オフィスタワーＸ（２０階）
東京都,中央区,晴海オフィスタワーＸ（２１階）
東京都,中央区,晴海オフィスタワーＸ（２２階）
東京都,中央区,晴海オフィスタワーＸ（２３階）
東京都,中央区,晴海オフィスタワーＸ（２４階）
東京都,中央区,晴海オフィスタワーＸ（２５階）
東京都,中央区,晴海オフィスタワーＸ（２６階）
東京都,中央区,晴海オフィスタワーＸ（２７階）
東京都,中央区,晴海オフィスタワーＸ（２８階）
東京都,中央区,晴海オフィスタワーＸ（２９階）
東京都,中央区,晴海オフィスタワーＸ（３０階）
東京都,中央区,晴海オフィスタワーＸ（３１階）
東京都,中央区,晴海オフィスタワーＸ（３２階）
東京都,中央区,晴海オフィスタワーＸ（３３階）
東京都,中央区,晴海オフィスタワーＸ（３４階）
東京都,中央区,晴海オフィスタワーＸ（３５階）
東京都,中央区,晴海オフィスタワーＸ（３６階）
東京都,中央区,晴海オフィスタワーＸ（３７階）
東京都,中央区,晴海オフィスタワーＸ（３８階）
東京都,中央区,晴海オフィスタワーＸ（３９階）
東京都,中央区,晴海オフィスタワーＸ（４０階）
東京都,中央区,晴海オフィスタワーＸ（４１階）
東京都,中央区,晴海オフィスタワーＸ（４２階）
東京都,中央区,晴海オフィスタワーＸ（４３階）
東京都,中央区,晴海オフィスタワーＸ（４４階）
東京都,中央区,晴海オフィスタワーＹ（地階・階層不明）
東京都,中央区,晴海オフィスタワーＹ（１階）
東京都,中央区,晴海オフィスタワーＹ（２階）
東京都,中央区,晴海オフィスタワーＹ（３階）
東京都,中央区,晴海オフィスタワーＹ（４階）
東京都,中央区,晴海オフィスタワーＹ（５階）
東京都,中央区,晴海オフィスタワーＹ（６階）
東京都,中央区,晴海オフィスタワーＹ（７階）
東京都,中央区,晴海オフィスタワーＹ（８階）
東京都,中央区,晴海オフィスタワーＹ（９階）
東京都,中央区,晴海オフィスタワーＹ（１０階）
東京都,中央区,晴海オフィスタワーＹ（１１階）
東京都,中央区,晴海オフィスタワーＹ（１２階）
東京都,中央区,晴海オフィスタワーＹ（１３階）
東京都,中央区,晴海オフィスタワーＹ（１４階）
東京都,中央区,晴海オフィスタワーＹ（１５階）
東京都,中央区,晴海オフィスタワーＹ（１６階）
東京都,中央区,晴海オフィスタワーＹ（１７階）
東京都,中央区,晴海オフィスタワーＹ（１８階）
東京都,中央区,晴海オフィスタワーＹ（１９階）
東京都,中央区,晴海オフィスタワーＹ（２０階）
東京都,中央区,晴海オフィスタワーＹ（２１階）
東京都,中央区,晴海オフィスタワーＹ（２２階）
東京都,中央区,晴海オフィスタワーＹ（２３階）
東京都,中央区,晴海オフィスタワーＹ（２４階）
東京都,中央区,晴海オフィスタワーＹ（２５階）
東京都,中央区,晴海オフィスタワーＹ（２６階）
東京都,中央区,晴海オフィスタワーＹ（２７階）
東京都,中央区,晴海オフィスタワーＹ（２８階）
東京都,中央区,晴海オフィスタワーＹ（２９階）
東京都,中央区,晴海オフィスタワーＹ（３０階）
東京都,中央区,晴海オフィスタワーＹ（３１階）
東京都,中央区,晴海オフィスタワーＹ（３２階）
東京都,中央区,晴海オフィスタワーＹ（３３階）
東京都,中央区,晴海オフィスタワーＹ（３４階）
東京都,中央区,晴海オフィスタワーＹ（３５階）
東京都,中央区,晴海オフィスタワーＹ（３６階）
東京都,中央区,晴海オフィスタワーＹ（３７階）
東京都,中央区,晴海オフィスタワーＹ（３８階）
東京都,中央区,晴海オフィスタワーＹ（３９階）
東京都,中央区,晴海オフィスタワーＺ（地階・階層不明）
東京都,中央区,晴海オフィスタワーＺ（１階）
東京都,中央区,晴海オフィスタワーＺ（２階）
東京都,中央区,晴海オフィスタワーＺ（３階）
東京都,中央区,晴海オフィスタワーＺ（４階）
東京都,中央区,晴海オフィスタワーＺ（５階）
東京都,中央区,晴海オフィスタワーＺ（６階）
東京都,中央区,晴海オフィスタワーＺ（７階）
東京都,中央区,晴海オフィスタワーＺ（８階）
東京都,中央区,晴海オフィスタワーＺ（９階）
東京都,中央区,晴海オフィスタワーＺ（１０階）
東京都,中央区,晴海オフィスタワーＺ（１１階）
東京都,中央区,晴海オフィスタワーＺ（１２階）
東京都,中央区,晴海オフィスタワーＺ（１３階）
東京都,中央区,晴海オフィスタワーＺ（１４階）
東京都,中央区,晴海オフィスタワーＺ（１５階）
東京都,中央区,晴海オフィスタワーＺ（１６階）
東京都,中央区,晴海オフィスタワーＺ（１７階）
東京都,中央区,晴海オフィスタワーＺ（１８階）
東京都,中央区,晴海オフィスタワーＺ（１９階）
東京都,中央区,晴海オフィスタワーＺ（２０階）
東京都,中央区,晴海オフィスタワーＺ（２１階）
東京都,中央区,晴海オフィスタワーＺ（２２階）
東京都,中央区,晴海オフィスタワーＺ（２３階）
東京都,中央区,晴海オフィスタワーＺ（２４階）
東京都,中央区,晴海オフィスタワーＺ（２５階）
東京都,中央区,晴海オフィスタワーＺ（２６階）
東京都,中央区,晴海オフィスタワーＺ（２７階）
東京都,中央区,晴海オフィスタワーＺ（２８階）
東京都,中央区,晴海オフィスタワーＺ（２９階）
東京都,中央区,晴海オフィスタワーＺ（３０階）
東京都,中央区,晴海オフィスタワーＺ（３１階）
東京都,中央区,晴海オフィスタワーＺ（３２階）
東京都,中央区,晴海オフィスタワーＺ（３３階）
東京都,中央区,東日本橋
東京都,中央区,湊
東京都,中央区,八重洲（１丁目）
東京都,中央区,八重洲（２丁目）
東京都,港区,赤坂（次のビルを除く）
東京都,港区,赤坂赤坂アークヒルズ・アーク森ビル（地階・階層不明）
東京都,港区,赤坂赤坂アークヒルズ・アーク森ビル（１階）
東京都,港区,赤坂赤坂アークヒルズ・アーク森ビル（２階）
東京都,港区,赤坂赤坂アークヒルズ・アーク森ビル（３階）
東京都,港区,赤坂赤坂アークヒルズ・アーク森ビル（４階）
東京都,港区,赤坂赤坂アークヒルズ・アーク森ビル（５階）
東京都,港区,赤坂赤坂アークヒルズ・アーク森ビル（６階）
東京都,港区,赤坂赤坂アークヒルズ・アーク森ビル（７階）
東京都,港区,赤坂赤坂アークヒルズ・アーク森ビル（８階）
東京都,港区,赤坂赤坂アークヒルズ・アーク森ビル（９階）
東京都,港区,赤坂赤坂アークヒルズ・アーク森ビル（１０階）
東京都,港区,赤坂赤坂アークヒルズ・アーク森ビル（１１階）
東京都,港区,赤坂赤坂アークヒルズ・アーク森ビル（１２階）
東京都,港区,赤坂赤坂アークヒルズ・アーク森ビル（１３階）
東京都,港区,赤坂赤坂アークヒルズ・アーク森ビル（１４階）
東京都,港区,赤坂赤坂アークヒルズ・アーク森ビル（１５階）
東京都,港区,赤坂赤坂アークヒルズ・アーク森ビル（１６階）
東京都,港区,赤坂赤坂アークヒルズ・アーク森ビル（１７階）
東京都,港区,赤坂赤坂アークヒルズ・アーク森ビル（１８階）
東京都,港区,赤坂赤坂アークヒルズ・アーク森ビル（１９階）
東京都,港区,赤坂赤坂アークヒルズ・アーク森ビル（２０階）
東京都,港区,赤坂赤坂アークヒルズ・アーク森ビル（２１階）
東京都,港区,赤坂赤坂アークヒルズ・アーク森ビル（２２階）
東京都,港区,赤坂赤坂アークヒルズ・アーク森ビル（２３階）
東京都,港区,赤坂赤坂アークヒルズ・アーク森ビル（２４階）
東京都,港区,赤坂赤坂アークヒルズ・アーク森ビル（２５階）
東京都,港区,赤坂赤坂アークヒルズ・アーク森ビル（２６階）
東京都,港区,赤坂赤坂アークヒルズ・アーク森ビル（２７階）
東京都,港区,赤坂赤坂アークヒルズ・アーク森ビル（２８階）
東京都,港区,赤坂赤坂アークヒルズ・アーク森ビル（２９階）
東京都,港区,赤坂赤坂アークヒルズ・アーク森ビル（３０階）
東京都,港区,赤坂赤坂アークヒルズ・アーク森ビル（３１階）
東京都,港区,赤坂赤坂アークヒルズ・アーク森ビル（３２階）
東京都,港区,赤坂赤坂アークヒルズ・アーク森ビル（３３階）
東京都,港区,赤坂赤坂アークヒルズ・アーク森ビル（３４階）
東京都,港区,赤坂赤坂アークヒルズ・アーク森ビル（３５階）
東京都,港区,赤坂赤坂アークヒルズ・アーク森ビル（３６階）
東京都,港区,赤坂赤坂アークヒルズ・アーク森ビル（３７階）
東京都,港区,赤坂赤坂パークビル（地階・階層不明）
東京都,港区,赤坂赤坂パークビル（１階）
東京都,港区,赤坂赤坂パークビル（２階）
東京都,港区,赤坂赤坂パークビル（３階）
東京都,港区,赤坂赤坂パークビル（４階）
東京都,港区,赤坂赤坂パークビル（５階）
東京都,港区,赤坂赤坂パークビル（６階）
東京都,港区,赤坂赤坂パークビル（７階）
東京都,港区,赤坂赤坂パークビル（８階）
東京都,港区,赤坂赤坂パークビル（９階）
東京都,港区,赤坂赤坂パークビル（１０階）
東京都,港区,赤坂赤坂パークビル（１１階）
東京都,港区,赤坂赤坂パークビル（１２階）
東京都,港区,赤坂赤坂パークビル（１３階）
東京都,港区,赤坂赤坂パークビル（１４階）
東京都,港区,赤坂赤坂パークビル（１５階）
東京都,港区,赤坂赤坂パークビル（１６階）
東京都,港区,赤坂赤坂パークビル（１７階）
東京都,港区,赤坂赤坂パークビル（１８階）
東京都,港区,赤坂赤坂パークビル（１９階）
東京都,港区,赤坂赤坂パークビル（２０階）
東京都,港区,赤坂赤坂パークビル（２１階）
東京都,港区,赤坂赤坂パークビル（２２階）
東京都,港区,赤坂赤坂パークビル（２３階）
東京都,港区,赤坂赤坂パークビル（２４階）
東京都,港区,赤坂赤坂パークビル（２５階）
東京都,港区,赤坂赤坂パークビル（２６階）
東京都,港区,赤坂赤坂パークビル（２７階）
東京都,港区,赤坂赤坂パークビル（２８階）
東京都,港区,赤坂赤坂パークビル（２９階）
東京都,港区,赤坂赤坂パークビル（３０階）
東京都,港区,赤坂赤坂Ｂｉｚタワー（地階・階層不明）
東京都,港区,赤坂赤坂Ｂｉｚタワー（１階）
東京都,港区,赤坂赤坂Ｂｉｚタワー（２階）
東京都,港区,赤坂赤坂Ｂｉｚタワー（３階）
東京都,港区,赤坂赤坂Ｂｉｚタワー（４階）
東京都,港区,赤坂赤坂Ｂｉｚタワー（５階）
東京都,港区,赤坂赤坂Ｂｉｚタワー（６階）
東京都,港区,赤坂赤坂Ｂｉｚタワー（７階）
東京都,港区,赤坂赤坂Ｂｉｚタワー（８階）
東京都,港区,赤坂赤坂Ｂｉｚタワー（９階）
東京都,港区,赤坂赤坂Ｂｉｚタワー（１０階）
東京都,港区,赤坂赤坂Ｂｉｚタワー（１１階）
東京都,港区,赤坂赤坂Ｂｉｚタワー（１２階）
東京都,港区,赤坂赤坂Ｂｉｚタワー（１３階）
東京都,港区,赤坂赤坂Ｂｉｚタワー（１４階）
東京都,港区,赤坂赤坂Ｂｉｚタワー（１５階）
東京都,港区,赤坂赤坂Ｂｉｚタワー（１６階）
東京都,港区,赤坂赤坂Ｂｉｚタワー（１７階）
東京都,港区,赤坂赤坂Ｂｉｚタワー（１８階）
東京都,港区,赤坂赤坂Ｂｉｚタワー（１９階）
東京都,港区,赤坂赤坂Ｂｉｚタワー（２０階）
東京都,港区,赤坂赤坂Ｂｉｚタワー（２１階）
東京都,港区,赤坂赤坂Ｂｉｚタワー（２２階）
東京都,港区,赤坂赤坂Ｂｉｚタワー（２３階）
東京都,港区,赤坂赤坂Ｂｉｚタワー（２４階）
東京都,港区,赤坂赤坂Ｂｉｚタワー（２５階）
東京都,港区,赤坂赤坂Ｂｉｚタワー（２６階）
東京都,港区,赤坂赤坂Ｂｉｚタワー（２７階）
東京都,港区,赤坂赤坂Ｂｉｚタワー（２８階）
東京都,港区,赤坂赤坂Ｂｉｚタワー（２９階）
東京都,港区,赤坂赤坂Ｂｉｚタワー（３０階）
東京都,港区,赤坂赤坂Ｂｉｚタワー（３１階）
東京都,港区,赤坂赤坂Ｂｉｚタワー（３２階）
東京都,港区,赤坂赤坂Ｂｉｚタワー（３３階）
東京都,港区,赤坂赤坂Ｂｉｚタワー（３４階）
東京都,港区,赤坂赤坂Ｂｉｚタワー（３５階）
東京都,港区,赤坂赤坂Ｂｉｚタワー（３６階）
東京都,港区,赤坂赤坂Ｂｉｚタワー（３７階）
東京都,港区,赤坂赤坂Ｂｉｚタワー（３８階）
東京都,港区,赤坂赤坂Ｂｉｚタワー（３９階）
東京都,港区,赤坂ミッドタウン・タワー（地階・階層不明）
東京都,港区,赤坂ミッドタウン・タワー（１階）
東京都,港区,赤坂ミッドタウン・タワー（２階）
東京都,港区,赤坂ミッドタウン・タワー（３階）
東京都,港区,赤坂ミッドタウン・タワー（４階）
東京都,港区,赤坂ミッドタウン・タワー（５階）
東京都,港区,赤坂ミッドタウン・タワー（６階）
東京都,港区,赤坂ミッドタウン・タワー（７階）
東京都,港区,赤坂ミッドタウン・タワー（８階）
東京都,港区,赤坂ミッドタウン・タワー（９階）
東京都,港区,赤坂ミッドタウン・タワー（１０階）
東京都,港区,赤坂ミッドタウン・タワー（１１階）
東京都,港区,赤坂ミッドタウン・タワー（１２階）
東京都,港区,赤坂ミッドタウン・タワー（１３階）
東京都,港区,赤坂ミッドタウン・タワー（１４階）
東京都,港区,赤坂ミッドタウン・タワー（１５階）
東京都,港区,赤坂ミッドタウン・タワー（１６階）
東京都,港区,赤坂ミッドタウン・タワー（１７階）
東京都,港区,赤坂ミッドタウン・タワー（１８階）
東京都,港区,赤坂ミッドタウン・タワー（１９階）
東京都,港区,赤坂ミッドタウン・タワー（２０階）
東京都,港区,赤坂ミッドタウン・タワー（２１階）
東京都,港区,赤坂ミッドタウン・タワー（２２階）
東京都,港区,赤坂ミッドタウン・タワー（２３階）
東京都,港区,赤坂ミッドタウン・タワー（２４階）
東京都,港区,赤坂ミッドタウン・タワー（２５階）
東京都,港区,赤坂ミッドタウン・タワー（２６階）
東京都,港区,赤坂ミッドタウン・タワー（２７階）
東京都,港区,赤坂ミッドタウン・タワー（２８階）
東京都,港区,赤坂ミッドタウン・タワー（２９階）
東京都,港区,赤坂ミッドタウン・タワー（３０階）
東京都,港区,赤坂ミッドタウン・タワー（３１階）
東京都,港区,赤坂ミッドタウン・タワー（３２階）
東京都,港区,赤坂ミッドタウン・タワー（３３階）
東京都,港区,赤坂ミッドタウン・タワー（３４階）
東京都,港区,赤坂ミッドタウン・タワー（３５階）
東京都,港区,赤坂ミッドタウン・タワー（３６階）
東京都,港区,赤坂ミッドタウン・タワー（３７階）
東京都,港区,赤坂ミッドタウン・タワー（３８階）
東京都,港区,赤坂ミッドタウン・タワー（３９階）
東京都,港区,赤坂ミッドタウン・タワー（４０階）
東京都,港区,赤坂ミッドタウン・タワー（４１階）
東京都,港区,赤坂ミッドタウン・タワー（４２階）
東京都,港区,赤坂ミッドタウン・タワー（４３階）
東京都,港区,赤坂ミッドタウン・タワー（４４階）
東京都,港区,赤坂ミッドタウン・タワー（４５階）
東京都,港区,麻布十番
東京都,港区,麻布台
東京都,港区,麻布永坂町
東京都,港区,麻布狸穴町
東京都,港区,愛宕（次のビルを除く）
東京都,港区,愛宕愛宕グリーンヒルズＭＯＲＩタワー（地階・階層不明）
東京都,港区,愛宕愛宕グリーンヒルズＭＯＲＩタワー（１階）
東京都,港区,愛宕愛宕グリーンヒルズＭＯＲＩタワー（２階）
東京都,港区,愛宕愛宕グリーンヒルズＭＯＲＩタワー（３階）
東京都,港区,愛宕愛宕グリーンヒルズＭＯＲＩタワー（４階）
東京都,港区,愛宕愛宕グリーンヒルズＭＯＲＩタワー（５階）
東京都,港区,愛宕愛宕グリーンヒルズＭＯＲＩタワー（６階）
東京都,港区,愛宕愛宕グリーンヒルズＭＯＲＩタワー（７階）
東京都,港区,愛宕愛宕グリーンヒルズＭＯＲＩタワー（８階）
東京都,港区,愛宕愛宕グリーンヒルズＭＯＲＩタワー（９階）
東京都,港区,愛宕愛宕グリーンヒルズＭＯＲＩタワー（１０階）
東京都,港区,愛宕愛宕グリーンヒルズＭＯＲＩタワー（１１階）
東京都,港区,愛宕愛宕グリーンヒルズＭＯＲＩタワー（１２階）
東京都,港区,愛宕愛宕グリーンヒルズＭＯＲＩタワー（１３階）
東京都,港区,愛宕愛宕グリーンヒルズＭＯＲＩタワー（１４階）
東京都,港区,愛宕愛宕グリーンヒルズＭＯＲＩタワー（１５階）
東京都,港区,愛宕愛宕グリーンヒルズＭＯＲＩタワー（１６階）
東京都,港区,愛宕愛宕グリーンヒルズＭＯＲＩタワー（１７階）
東京都,港区,愛宕愛宕グリーンヒルズＭＯＲＩタワー（１８階）
東京都,港区,愛宕愛宕グリーンヒルズＭＯＲＩタワー（１９階）
東京都,港区,愛宕愛宕グリーンヒルズＭＯＲＩタワー（２０階）
東京都,港区,愛宕愛宕グリーンヒルズＭＯＲＩタワー（２１階）
東京都,港区,愛宕愛宕グリーンヒルズＭＯＲＩタワー（２２階）
東京都,港区,愛宕愛宕グリーンヒルズＭＯＲＩタワー（２３階）
東京都,港区,愛宕愛宕グリーンヒルズＭＯＲＩタワー（２４階）
東京都,港区,愛宕愛宕グリーンヒルズＭＯＲＩタワー（２５階）
東京都,港区,愛宕愛宕グリーンヒルズＭＯＲＩタワー（２６階）
東京都,港区,愛宕愛宕グリーンヒルズＭＯＲＩタワー（２７階）
東京都,港区,愛宕愛宕グリーンヒルズＭＯＲＩタワー（２８階）
東京都,港区,愛宕愛宕グリーンヒルズＭＯＲＩタワー（２９階）
東京都,港区,愛宕愛宕グリーンヒルズＭＯＲＩタワー（３０階）
東京都,港区,愛宕愛宕グリーンヒルズＭＯＲＩタワー（３１階）
東京都,港区,愛宕愛宕グリーンヒルズＭＯＲＩタワー（３２階）
東京都,港区,愛宕愛宕グリーンヒルズＭＯＲＩタワー（３３階）
東京都,港区,愛宕愛宕グリーンヒルズＭＯＲＩタワー（３４階）
東京都,港区,愛宕愛宕グリーンヒルズＭＯＲＩタワー（３５階）
東京都,港区,愛宕愛宕グリーンヒルズＭＯＲＩタワー（３６階）
東京都,港区,愛宕愛宕グリーンヒルズＭＯＲＩタワー（３７階）
東京都,港区,愛宕愛宕グリーンヒルズＭＯＲＩタワー（３８階）
東京都,港区,愛宕愛宕グリーンヒルズＭＯＲＩタワー（３９階）
東京都,港区,愛宕愛宕グリーンヒルズＭＯＲＩタワー（４０階）
東京都,港区,愛宕愛宕グリーンヒルズＭＯＲＩタワー（４１階）
東京都,港区,愛宕愛宕グリーンヒルズＭＯＲＩタワー（４２階）
東京都,港区,海岸（１、２丁目）
東京都,港区,海岸（３丁目）
東京都,港区,北青山
東京都,港区,港南（次のビルを除く）
東京都,港区,港南品川インターシティＡ棟（地階・階層不明）
東京都,港区,港南品川インターシティＡ棟（１階）
東京都,港区,港南品川インターシティＡ棟（２階）
東京都,港区,港南品川インターシティＡ棟（３階）
東京都,港区,港南品川インターシティＡ棟（４階）
東京都,港区,港南品川インターシティＡ棟（５階）
東京都,港区,港南品川インターシティＡ棟（６階）
東京都,港区,港南品川インターシティＡ棟（７階）
東京都,港区,港南品川インターシティＡ棟（８階）
東京都,港区,港南品川インターシティＡ棟（９階）
東京都,港区,港南品川インターシティＡ棟（１０階）
東京都,港区,港南品川インターシティＡ棟（１１階）
東京都,港区,港南品川インターシティＡ棟（１２階）
東京都,港区,港南品川インターシティＡ棟（１３階）
東京都,港区,港南品川インターシティＡ棟（１４階）
東京都,港区,港南品川インターシティＡ棟（１５階）
東京都,港区,港南品川インターシティＡ棟（１６階）
東京都,港区,港南品川インターシティＡ棟（１７階）
東京都,港区,港南品川インターシティＡ棟（１８階）
東京都,港区,港南品川インターシティＡ棟（１９階）
東京都,港区,港南品川インターシティＡ棟（２０階）
東京都,港区,港南品川インターシティＡ棟（２１階）
東京都,港区,港南品川インターシティＡ棟（２２階）
東京都,港区,港南品川インターシティＡ棟（２３階）
東京都,港区,港南品川インターシティＡ棟（２４階）
東京都,港区,港南品川インターシティＡ棟（２５階）
東京都,港区,港南品川インターシティＡ棟（２６階）
東京都,港区,港南品川インターシティＡ棟（２７階）
東京都,港区,港南品川インターシティＡ棟（２８階）
東京都,港区,港南品川インターシティＡ棟（２９階）
東京都,港区,港南品川インターシティＡ棟（３０階）
東京都,港区,港南品川インターシティＡ棟（３１階）
東京都,港区,港南品川インターシティＡ棟（３２階）
東京都,港区,港南品川インターシティＢ棟（地階・階層不明）
東京都,港区,港南品川インターシティＢ棟（１階）
東京都,港区,港南品川インターシティＢ棟（２階）
東京都,港区,港南品川インターシティＢ棟（３階）
東京都,港区,港南品川インターシティＢ棟（４階）
東京都,港区,港南品川インターシティＢ棟（５階）
東京都,港区,港南品川インターシティＢ棟（６階）
東京都,港区,港南品川インターシティＢ棟（７階）
東京都,港区,港南品川インターシティＢ棟（８階）
東京都,港区,港南品川インターシティＢ棟（９階）
東京都,港区,港南品川インターシティＢ棟（１０階）
東京都,港区,港南品川インターシティＢ棟（１１階）
東京都,港区,港南品川インターシティＢ棟（１２階）
東京都,港区,港南品川インターシティＢ棟（１３階）
東京都,港区,港南品川インターシティＢ棟（１４階）
東京都,港区,港南品川インターシティＢ棟（１５階）
東京都,港区,港南品川インターシティＢ棟（１６階）
東京都,港区,港南品川インターシティＢ棟（１７階）
東京都,港区,港南品川インターシティＢ棟（１８階）
東京都,港区,港南品川インターシティＢ棟（１９階）
東京都,港区,港南品川インターシティＢ棟（２０階）
東京都,港区,港南品川インターシティＢ棟（２１階）
東京都,港区,港南品川インターシティＢ棟（２２階）
東京都,港区,港南品川インターシティＢ棟（２３階）
東京都,港区,港南品川インターシティＢ棟（２４階）
東京都,港区,港南品川インターシティＢ棟（２５階）
東京都,港区,港南品川インターシティＢ棟（２６階）
東京都,港区,港南品川インターシティＢ棟（２７階）
東京都,港区,港南品川インターシティＢ棟（２８階）
東京都,港区,港南品川インターシティＢ棟（２９階）
東京都,港区,港南品川インターシティＢ棟（３０階）
東京都,港区,港南品川インターシティＢ棟（３１階）
東京都,港区,港南品川インターシティＣ棟（地階・階層不明）
東京都,港区,港南品川インターシティＣ棟（１階）
東京都,港区,港南品川インターシティＣ棟（２階）
東京都,港区,港南品川インターシティＣ棟（３階）
東京都,港区,港南品川インターシティＣ棟（４階）
東京都,港区,港南品川インターシティＣ棟（５階）
東京都,港区,港南品川インターシティＣ棟（６階）
東京都,港区,港南品川インターシティＣ棟（７階）
東京都,港区,港南品川インターシティＣ棟（８階）
東京都,港区,港南品川インターシティＣ棟（９階）
東京都,港区,港南品川インターシティＣ棟（１０階）
東京都,港区,港南品川インターシティＣ棟（１１階）
東京都,港区,港南品川インターシティＣ棟（１２階）
東京都,港区,港南品川インターシティＣ棟（１３階）
東京都,港区,港南品川インターシティＣ棟（１４階）
東京都,港区,港南品川インターシティＣ棟（１５階）
東京都,港区,港南品川インターシティＣ棟（１６階）
東京都,港区,港南品川インターシティＣ棟（１７階）
東京都,港区,港南品川インターシティＣ棟（１８階）
東京都,港区,港南品川インターシティＣ棟（１９階）
東京都,港区,港南品川インターシティＣ棟（２０階）
東京都,港区,港南品川インターシティＣ棟（２１階）
東京都,港区,港南品川インターシティＣ棟（２２階）
東京都,港区,港南品川インターシティＣ棟（２３階）
東京都,港区,港南品川インターシティＣ棟（２４階）
東京都,港区,港南品川インターシティＣ棟（２５階）
東京都,港区,港南品川インターシティＣ棟（２６階）
東京都,港区,港南品川インターシティＣ棟（２７階）
東京都,港区,港南品川インターシティＣ棟（２８階）
東京都,港区,港南品川インターシティＣ棟（２９階）
東京都,港区,港南品川インターシティＣ棟（３０階）
東京都,港区,港南品川インターシティＣ棟（３１階）
東京都,港区,芝（１〜３丁目）
東京都,港区,芝（４、５丁目）
東京都,港区,芝浦（１丁目）
東京都,港区,芝浦（２〜４丁目）
東京都,港区,芝公園
東京都,港区,芝大門
東京都,港区,白金
東京都,港区,白金台
東京都,港区,新橋
東京都,港区,台場
東京都,港区,高輪
東京都,港区,虎ノ門（次のビルを除く）
東京都,港区,虎ノ門城山トラストタワー（地階・階層不明）
東京都,港区,虎ノ門城山トラストタワー（１階）
東京都,港区,虎ノ門城山トラストタワー（２階）
東京都,港区,虎ノ門城山トラストタワー（３階）
東京都,港区,虎ノ門城山トラストタワー（４階）
東京都,港区,虎ノ門城山トラストタワー（５階）
東京都,港区,虎ノ門城山トラストタワー（６階）
東京都,港区,虎ノ門城山トラストタワー（７階）
東京都,港区,虎ノ門城山トラストタワー（８階）
東京都,港区,虎ノ門城山トラストタワー（９階）
東京都,港区,虎ノ門城山トラストタワー（１０階）
東京都,港区,虎ノ門城山トラストタワー（１１階）
東京都,港区,虎ノ門城山トラストタワー（１２階）
東京都,港区,虎ノ門城山トラストタワー（１３階）
東京都,港区,虎ノ門城山トラストタワー（１４階）
東京都,港区,虎ノ門城山トラストタワー（１５階）
東京都,港区,虎ノ門城山トラストタワー（１６階）
東京都,港区,虎ノ門城山トラストタワー（１７階）
東京都,港区,虎ノ門城山トラストタワー（１８階）
東京都,港区,虎ノ門城山トラストタワー（１９階）
東京都,港区,虎ノ門城山トラストタワー（２０階）
東京都,港区,虎ノ門城山トラストタワー（２１階）
東京都,港区,虎ノ門城山トラストタワー（２２階）
東京都,港区,虎ノ門城山トラストタワー（２３階）
東京都,港区,虎ノ門城山トラストタワー（２４階）
東京都,港区,虎ノ門城山トラストタワー（２５階）
東京都,港区,虎ノ門城山トラストタワー（２６階）
東京都,港区,虎ノ門城山トラストタワー（２７階）
東京都,港区,虎ノ門城山トラストタワー（２８階）
東京都,港区,虎ノ門城山トラストタワー（２９階）
東京都,港区,虎ノ門城山トラストタワー（３０階）
東京都,港区,虎ノ門城山トラストタワー（３１階）
東京都,港区,虎ノ門城山トラストタワー（３２階）
東京都,港区,虎ノ門城山トラストタワー（３３階）
東京都,港区,虎ノ門城山トラストタワー（３４階）
東京都,港区,虎ノ門城山トラストタワー（３５階）
東京都,港区,虎ノ門城山トラストタワー（３６階）
東京都,港区,虎ノ門城山トラストタワー（３７階）
東京都,港区,西麻布
東京都,港区,西新橋
東京都,港区,浜松町（次のビルを除く）
東京都,港区,浜松町世界貿易センタービル（地階・階層不明）
東京都,港区,浜松町世界貿易センタービル（１階）
東京都,港区,浜松町世界貿易センタービル（２階）
東京都,港区,浜松町世界貿易センタービル（３階）
東京都,港区,浜松町世界貿易センタービル（４階）
東京都,港区,浜松町世界貿易センタービル（５階）
東京都,港区,浜松町世界貿易センタービル（６階）
東京都,港区,浜松町世界貿易センタービル（７階）
東京都,港区,浜松町世界貿易センタービル（８階）
東京都,港区,浜松町世界貿易センタービル（９階）
東京都,港区,浜松町世界貿易センタービル（１０階）
東京都,港区,浜松町世界貿易センタービル（１１階）
東京都,港区,浜松町世界貿易センタービル（１２階）
東京都,港区,浜松町世界貿易センタービル（１３階）
東京都,港区,浜松町世界貿易センタービル（１４階）
東京都,港区,浜松町世界貿易センタービル（１５階）
東京都,港区,浜松町世界貿易センタービル（１６階）
東京都,港区,浜松町世界貿易センタービル（１７階）
東京都,港区,浜松町世界貿易センタービル（１８階）
東京都,港区,浜松町世界貿易センタービル（１９階）
東京都,港区,浜松町世界貿易センタービル（２０階）
東京都,港区,浜松町世界貿易センタービル（２１階）
東京都,港区,浜松町世界貿易センタービル（２２階）
東京都,港区,浜松町世界貿易センタービル（２３階）
東京都,港区,浜松町世界貿易センタービル（２４階）
東京都,港区,浜松町世界貿易センタービル（２５階）
東京都,港区,浜松町世界貿易センタービル（２６階）
東京都,港区,浜松町世界貿易センタービル（２７階）
東京都,港区,浜松町世界貿易センタービル（２８階）
東京都,港区,浜松町世界貿易センタービル（２９階）
東京都,港区,浜松町世界貿易センタービル（３０階）
東京都,港区,浜松町世界貿易センタービル（３１階）
東京都,港区,浜松町世界貿易センタービル（３２階）
東京都,港区,浜松町世界貿易センタービル（３３階）
東京都,港区,浜松町世界貿易センタービル（３４階）
東京都,港区,浜松町世界貿易センタービル（３５階）
東京都,港区,浜松町世界貿易センタービル（３６階）
東京都,港区,浜松町世界貿易センタービル（３７階）
東京都,港区,浜松町世界貿易センタービル（３８階）
東京都,港区,浜松町世界貿易センタービル（３９階）
東京都,港区,浜松町世界貿易センタービル（４０階）
東京都,港区,東麻布
東京都,港区,東新橋（次のビルを除く）
東京都,港区,東新橋汐留シティセンター（地階・階層不明）
東京都,港区,東新橋汐留シティセンター（１階）
東京都,港区,東新橋汐留シティセンター（２階）
東京都,港区,東新橋汐留シティセンター（３階）
東京都,港区,東新橋汐留シティセンター（４階）
東京都,港区,東新橋汐留シティセンター（５階）
東京都,港区,東新橋汐留シティセンター（６階）
東京都,港区,東新橋汐留シティセンター（７階）
東京都,港区,東新橋汐留シティセンター（８階）
東京都,港区,東新橋汐留シティセンター（９階）
東京都,港区,東新橋汐留シティセンター（１０階）
東京都,港区,東新橋汐留シティセンター（１１階）
東京都,港区,東新橋汐留シティセンター（１２階）
東京都,港区,東新橋汐留シティセンター（１３階）
東京都,港区,東新橋汐留シティセンター（１４階）
東京都,港区,東新橋汐留シティセンター（１５階）
東京都,港区,東新橋汐留シティセンター（１６階）
東京都,港区,東新橋汐留シティセンター（１７階）
東京都,港区,東新橋汐留シティセンター（１８階）
東京都,港区,東新橋汐留シティセンター（１９階）
東京都,港区,東新橋汐留シティセンター（２０階）
東京都,港区,東新橋汐留シティセンター（２１階）
東京都,港区,東新橋汐留シティセンター（２２階）
東京都,港区,東新橋汐留シティセンター（２３階）
東京都,港区,東新橋汐留シティセンター（２４階）
東京都,港区,東新橋汐留シティセンター（２５階）
東京都,港区,東新橋汐留シティセンター（２６階）
東京都,港区,東新橋汐留シティセンター（２７階）
東京都,港区,東新橋汐留シティセンター（２８階）
東京都,港区,東新橋汐留シティセンター（２９階）
東京都,港区,東新橋汐留シティセンター（３０階）
東京都,港区,東新橋汐留シティセンター（３１階）
東京都,港区,東新橋汐留シティセンター（３２階）
東京都,港区,東新橋汐留シティセンター（３３階）
東京都,港区,東新橋汐留シティセンター（３４階）
東京都,港区,東新橋汐留シティセンター（３５階）
東京都,港区,東新橋汐留シティセンター（３６階）
東京都,港区,東新橋汐留シティセンター（３７階）
東京都,港区,東新橋汐留シティセンター（３８階）
東京都,港区,東新橋汐留シティセンター（３９階）
東京都,港区,東新橋汐留シティセンター（４０階）
東京都,港区,東新橋汐留シティセンター（４１階）
東京都,港区,東新橋汐留シティセンター（４２階）
東京都,港区,東新橋汐留シティセンター（４３階）
東京都,港区,東新橋汐留メディアタワー（地階・階層不明）
東京都,港区,東新橋汐留メディアタワー（１階）
東京都,港区,東新橋汐留メディアタワー（２階）
東京都,港区,東新橋汐留メディアタワー（３階）
東京都,港区,東新橋汐留メディアタワー（４階）
東京都,港区,東新橋汐留メディアタワー（５階）
東京都,港区,東新橋汐留メディアタワー（６階）
東京都,港区,東新橋汐留メディアタワー（７階）
東京都,港区,東新橋汐留メディアタワー（８階）
東京都,港区,東新橋汐留メディアタワー（９階）
東京都,港区,東新橋汐留メディアタワー（１０階）
東京都,港区,東新橋汐留メディアタワー（１１階）
東京都,港区,東新橋汐留メディアタワー（１２階）
東京都,港区,東新橋汐留メディアタワー（１３階）
東京都,港区,東新橋汐留メディアタワー（１４階）
東京都,港区,東新橋汐留メディアタワー（１５階）
東京都,港区,東新橋汐留メディアタワー（１６階）
東京都,港区,東新橋汐留メディアタワー（１７階）
東京都,港区,東新橋汐留メディアタワー（１８階）
東京都,港区,東新橋汐留メディアタワー（１９階）
東京都,港区,東新橋汐留メディアタワー（２０階）
東京都,港区,東新橋汐留メディアタワー（２１階）
東京都,港区,東新橋汐留メディアタワー（２２階）
東京都,港区,東新橋汐留メディアタワー（２３階）
東京都,港区,東新橋汐留メディアタワー（２４階）
東京都,港区,東新橋汐留メディアタワー（２５階）
東京都,港区,東新橋汐留メディアタワー（２６階）
東京都,港区,東新橋汐留メディアタワー（２７階）
東京都,港区,東新橋汐留メディアタワー（２８階）
東京都,港区,東新橋汐留メディアタワー（２９階）
東京都,港区,東新橋汐留メディアタワー（３０階）
東京都,港区,東新橋汐留メディアタワー（３１階）
東京都,港区,東新橋汐留メディアタワー（３２階）
東京都,港区,東新橋汐留メディアタワー（３３階）
東京都,港区,東新橋汐留メディアタワー（３４階）
東京都,港区,東新橋電通本社ビル（地階・階層不明）
東京都,港区,東新橋電通本社ビル（１階）
東京都,港区,東新橋電通本社ビル（２階）
東京都,港区,東新橋電通本社ビル（３階）
東京都,港区,東新橋電通本社ビル（４階）
東京都,港区,東新橋電通本社ビル（５階）
東京都,港区,東新橋電通本社ビル（６階）
東京都,港区,東新橋電通本社ビル（７階）
東京都,港区,東新橋電通本社ビル（８階）
東京都,港区,東新橋電通本社ビル（９階）
東京都,港区,東新橋電通本社ビル（１０階）
東京都,港区,東新橋電通本社ビル（１１階）
東京都,港区,東新橋電通本社ビル（１２階）
東京都,港区,東新橋電通本社ビル（１３階）
東京都,港区,東新橋電通本社ビル（１４階）
東京都,港区,東新橋電通本社ビル（１５階）
東京都,港区,東新橋電通本社ビル（１６階）
東京都,港区,東新橋電通本社ビル（１７階）
東京都,港区,東新橋電通本社ビル（１８階）
東京都,港区,東新橋電通本社ビル（１９階）
東京都,港区,東新橋電通本社ビル（２０階）
東京都,港区,東新橋電通本社ビル（２１階）
東京都,港区,東新橋電通本社ビル（２２階）
東京都,港区,東新橋電通本社ビル（２３階）
東京都,港区,東新橋電通本社ビル（２４階）
東京都,港区,東新橋電通本社ビル（２５階）
東京都,港区,東新橋電通本社ビル（２６階）
東京都,港区,東新橋電通本社ビル（２７階）
東京都,港区,東新橋電通本社ビル（２８階）
東京都,港区,東新橋電通本社ビル（２９階）
東京都,港区,東新橋電通本社ビル（３０階）
東京都,港区,東新橋電通本社ビル（３１階）
東京都,港区,東新橋電通本社ビル（３２階）
東京都,港区,東新橋電通本社ビル（３３階）
東京都,港区,東新橋電通本社ビル（３４階）
東京都,港区,東新橋電通本社ビル（３５階）
東京都,港区,東新橋電通本社ビル（３６階）
東京都,港区,東新橋電通本社ビル（３７階）
東京都,港区,東新橋電通本社ビル（３８階）
東京都,港区,東新橋電通本社ビル（３９階）
東京都,港区,東新橋電通本社ビル（４０階）
東京都,港区,東新橋電通本社ビル（４１階）
東京都,港区,東新橋電通本社ビル（４２階）
東京都,港区,東新橋電通本社ビル（４３階）
東京都,港区,東新橋電通本社ビル（４４階）
東京都,港区,東新橋電通本社ビル（４５階）
東京都,港区,東新橋電通本社ビル（４６階）
東京都,港区,東新橋電通本社ビル（４７階）
東京都,港区,東新橋東京汐留ビルディング（地階・階層不明）
東京都,港区,東新橋東京汐留ビルディング（１階）
東京都,港区,東新橋東京汐留ビルディング（２階）
東京都,港区,東新橋東京汐留ビルディング（３階）
東京都,港区,東新橋東京汐留ビルディング（４階）
東京都,港区,東新橋東京汐留ビルディング（５階）
東京都,港区,東新橋東京汐留ビルディング（６階）
東京都,港区,東新橋東京汐留ビルディング（７階）
東京都,港区,東新橋東京汐留ビルディング（８階）
東京都,港区,東新橋東京汐留ビルディング（９階）
東京都,港区,東新橋東京汐留ビルディング（１０階）
東京都,港区,東新橋東京汐留ビルディング（１１階）
東京都,港区,東新橋東京汐留ビルディング（１２階）
東京都,港区,東新橋東京汐留ビルディング（１３階）
東京都,港区,東新橋東京汐留ビルディング（１４階）
東京都,港区,東新橋東京汐留ビルディング（１５階）
東京都,港区,東新橋東京汐留ビルディング（１６階）
東京都,港区,東新橋東京汐留ビルディング（１７階）
東京都,港区,東新橋東京汐留ビルディング（１８階）
東京都,港区,東新橋東京汐留ビルディング（１９階）
東京都,港区,東新橋東京汐留ビルディング（２０階）
東京都,港区,東新橋東京汐留ビルディング（２１階）
東京都,港区,東新橋東京汐留ビルディング（２２階）
東京都,港区,東新橋東京汐留ビルディング（２３階）
東京都,港区,東新橋東京汐留ビルディング（２４階）
東京都,港区,東新橋東京汐留ビルディング（２５階）
東京都,港区,東新橋東京汐留ビルディング（２６階）
東京都,港区,東新橋東京汐留ビルディング（２７階）
東京都,港区,東新橋東京汐留ビルディング（２８階）
東京都,港区,東新橋東京汐留ビルディング（２９階）
東京都,港区,東新橋東京汐留ビルディング（３０階）
東京都,港区,東新橋東京汐留ビルディング（３１階）
東京都,港区,東新橋東京汐留ビルディング（３２階）
東京都,港区,東新橋東京汐留ビルディング（３３階）
東京都,港区,東新橋東京汐留ビルディング（３４階）
東京都,港区,東新橋東京汐留ビルディング（３５階）
東京都,港区,東新橋東京汐留ビルディング（３６階）
東京都,港区,東新橋東京汐留ビルディング（３７階）
東京都,港区,東新橋日本テレビタワー（地階・階層不明）
東京都,港区,東新橋日本テレビタワー（１階）
東京都,港区,東新橋日本テレビタワー（２階）
東京都,港区,東新橋日本テレビタワー（３階）
東京都,港区,東新橋日本テレビタワー（４階）
東京都,港区,東新橋日本テレビタワー（５階）
東京都,港区,東新橋日本テレビタワー（６階）
東京都,港区,東新橋日本テレビタワー（７階）
東京都,港区,東新橋日本テレビタワー（８階）
東京都,港区,東新橋日本テレビタワー（９階）
東京都,港区,東新橋日本テレビタワー（１０階）
東京都,港区,東新橋日本テレビタワー（１１階）
東京都,港区,東新橋日本テレビタワー（１２階）
東京都,港区,東新橋日本テレビタワー（１３階）
東京都,港区,東新橋日本テレビタワー（１４階）
東京都,港区,東新橋日本テレビタワー（１５階）
東京都,港区,東新橋日本テレビタワー（１６階）
東京都,港区,東新橋日本テレビタワー（１７階）
東京都,港区,東新橋日本テレビタワー（１８階）
東京都,港区,東新橋日本テレビタワー（１９階）
東京都,港区,東新橋日本テレビタワー（２０階）
東京都,港区,東新橋日本テレビタワー（２１階）
東京都,港区,東新橋日本テレビタワー（２２階）
東京都,港区,東新橋日本テレビタワー（２３階）
東京都,港区,東新橋日本テレビタワー（２４階）
東京都,港区,東新橋日本テレビタワー（２５階）
東京都,港区,東新橋日本テレビタワー（２６階）
東京都,港区,東新橋日本テレビタワー（２７階）
東京都,港区,東新橋日本テレビタワー（２８階）
東京都,港区,東新橋日本テレビタワー（２９階）
東京都,港区,東新橋日本テレビタワー（３０階）
東京都,港区,東新橋日本テレビタワー（３１階）
東京都,港区,東新橋日本テレビタワー（３２階）
東京都,港区,三田（次のビルを除く）
東京都,港区,三田住友不動産三田ツインビル西館（地階・階層不明）
東京都,港区,三田住友不動産三田ツインビル西館（１階）
東京都,港区,三田住友不動産三田ツインビル西館（２階）
東京都,港区,三田住友不動産三田ツインビル西館（３階）
東京都,港区,三田住友不動産三田ツインビル西館（４階）
東京都,港区,三田住友不動産三田ツインビル西館（５階）
東京都,港区,三田住友不動産三田ツインビル西館（６階）
東京都,港区,三田住友不動産三田ツインビル西館（７階）
東京都,港区,三田住友不動産三田ツインビル西館（８階）
東京都,港区,三田住友不動産三田ツインビル西館（９階）
東京都,港区,三田住友不動産三田ツインビル西館（１０階）
東京都,港区,三田住友不動産三田ツインビル西館（１１階）
東京都,港区,三田住友不動産三田ツインビル西館（１２階）
東京都,港区,三田住友不動産三田ツインビル西館（１３階）
東京都,港区,三田住友不動産三田ツインビル西館（１４階）
東京都,港区,三田住友不動産三田ツインビル西館（１５階）
東京都,港区,三田住友不動産三田ツインビル西館（１６階）
東京都,港区,三田住友不動産三田ツインビル西館（１７階）
東京都,港区,三田住友不動産三田ツインビル西館（１８階）
東京都,港区,三田住友不動産三田ツインビル西館（１９階）
東京都,港区,三田住友不動産三田ツインビル西館（２０階）
東京都,港区,三田住友不動産三田ツインビル西館（２１階）
東京都,港区,三田住友不動産三田ツインビル西館（２２階）
東京都,港区,三田住友不動産三田ツインビル西館（２３階）
東京都,港区,三田住友不動産三田ツインビル西館（２４階）
東京都,港区,三田住友不動産三田ツインビル西館（２５階）
東京都,港区,三田住友不動産三田ツインビル西館（２６階）
東京都,港区,三田住友不動産三田ツインビル西館（２７階）
東京都,港区,三田住友不動産三田ツインビル西館（２８階）
東京都,港区,三田住友不動産三田ツインビル西館（２９階）
東京都,港区,三田住友不動産三田ツインビル西館（３０階）
東京都,港区,南青山
東京都,港区,南麻布
東京都,港区,元赤坂
東京都,港区,元麻布
東京都,港区,六本木（次のビルを除く）
東京都,港区,六本木泉ガーデンタワー（地階・階層不明）
東京都,港区,六本木泉ガーデンタワー（１階）
東京都,港区,六本木泉ガーデンタワー（２階）
東京都,港区,六本木泉ガーデンタワー（３階）
東京都,港区,六本木泉ガーデンタワー（４階）
東京都,港区,六本木泉ガーデンタワー（５階）
東京都,港区,六本木泉ガーデンタワー（６階）
東京都,港区,六本木泉ガーデンタワー（７階）
東京都,港区,六本木泉ガーデンタワー（８階）
東京都,港区,六本木泉ガーデンタワー（９階）
東京都,港区,六本木泉ガーデンタワー（１０階）
東京都,港区,六本木泉ガーデンタワー（１１階）
東京都,港区,六本木泉ガーデンタワー（１２階）
東京都,港区,六本木泉ガーデンタワー（１３階）
東京都,港区,六本木泉ガーデンタワー（１４階）
東京都,港区,六本木泉ガーデンタワー（１５階）
東京都,港区,六本木泉ガーデンタワー（１６階）
東京都,港区,六本木泉ガーデンタワー（１７階）
東京都,港区,六本木泉ガーデンタワー（１８階）
東京都,港区,六本木泉ガーデンタワー（１９階）
東京都,港区,六本木泉ガーデンタワー（２０階）
東京都,港区,六本木泉ガーデンタワー（２１階）
東京都,港区,六本木泉ガーデンタワー（２２階）
東京都,港区,六本木泉ガーデンタワー（２３階）
東京都,港区,六本木泉ガーデンタワー（２４階）
東京都,港区,六本木泉ガーデンタワー（２５階）
東京都,港区,六本木泉ガーデンタワー（２６階）
東京都,港区,六本木泉ガーデンタワー（２７階）
東京都,港区,六本木泉ガーデンタワー（２８階）
東京都,港区,六本木泉ガーデンタワー（２９階）
東京都,港区,六本木泉ガーデンタワー（３０階）
東京都,港区,六本木泉ガーデンタワー（３１階）
東京都,港区,六本木泉ガーデンタワー（３２階）
東京都,港区,六本木泉ガーデンタワー（３３階）
東京都,港区,六本木泉ガーデンタワー（３４階）
東京都,港区,六本木泉ガーデンタワー（３５階）
東京都,港区,六本木泉ガーデンタワー（３６階）
東京都,港区,六本木泉ガーデンタワー（３７階）
東京都,港区,六本木泉ガーデンタワー（３８階）
東京都,港区,六本木泉ガーデンタワー（３９階）
東京都,港区,六本木泉ガーデンタワー（４０階）
東京都,港区,六本木泉ガーデンタワー（４１階）
東京都,港区,六本木泉ガーデンタワー（４２階）
東京都,港区,六本木泉ガーデンタワー（４３階）
東京都,港区,六本木泉ガーデンタワー（４４階）
東京都,港区,六本木泉ガーデンタワー（４５階）
東京都,港区,六本木六本木ヒルズ森タワー（地階・階層不明）
東京都,港区,六本木六本木ヒルズ森タワー（１階）
東京都,港区,六本木六本木ヒルズ森タワー（２階）
東京都,港区,六本木六本木ヒルズ森タワー（３階）
東京都,港区,六本木六本木ヒルズ森タワー（４階）
東京都,港区,六本木六本木ヒルズ森タワー（５階）
東京都,港区,六本木六本木ヒルズ森タワー（６階）
東京都,港区,六本木六本木ヒルズ森タワー（７階）
東京都,港区,六本木六本木ヒルズ森タワー（８階）
東京都,港区,六本木六本木ヒルズ森タワー（９階）
東京都,港区,六本木六本木ヒルズ森タワー（１０階）
東京都,港区,六本木六本木ヒルズ森タワー（１１階）
東京都,港区,六本木六本木ヒルズ森タワー（１２階）
東京都,港区,六本木六本木ヒルズ森タワー（１３階）
東京都,港区,六本木六本木ヒルズ森タワー（１４階）
東京都,港区,六本木六本木ヒルズ森タワー（１５階）
東京都,港区,六本木六本木ヒルズ森タワー（１６階）
東京都,港区,六本木六本木ヒルズ森タワー（１７階）
東京都,港区,六本木六本木ヒルズ森タワー（１８階）
東京都,港区,六本木六本木ヒルズ森タワー（１９階）
東京都,港区,六本木六本木ヒルズ森タワー（２０階）
東京都,港区,六本木六本木ヒルズ森タワー（２１階）
東京都,港区,六本木六本木ヒルズ森タワー（２２階）
東京都,港区,六本木六本木ヒルズ森タワー（２３階）
東京都,港区,六本木六本木ヒルズ森タワー（２４階）
東京都,港区,六本木六本木ヒルズ森タワー（２５階）
東京都,港区,六本木六本木ヒルズ森タワー（２６階）
東京都,港区,六本木六本木ヒルズ森タワー（２７階）
東京都,港区,六本木六本木ヒルズ森タワー（２８階）
東京都,港区,六本木六本木ヒルズ森タワー（２９階）
東京都,港区,六本木六本木ヒルズ森タワー（３０階）
東京都,港区,六本木六本木ヒルズ森タワー（３１階）
東京都,港区,六本木六本木ヒルズ森タワー（３２階）
東京都,港区,六本木六本木ヒルズ森タワー（３３階）
東京都,港区,六本木六本木ヒルズ森タワー（３４階）
東京都,港区,六本木六本木ヒルズ森タワー（３５階）
東京都,港区,六本木六本木ヒルズ森タワー（３６階）
東京都,港区,六本木六本木ヒルズ森タワー（３７階）
東京都,港区,六本木六本木ヒルズ森タワー（３８階）
東京都,港区,六本木六本木ヒルズ森タワー（３９階）
東京都,港区,六本木六本木ヒルズ森タワー（４０階）
東京都,港区,六本木六本木ヒルズ森タワー（４１階）
東京都,港区,六本木六本木ヒルズ森タワー（４２階）
東京都,港区,六本木六本木ヒルズ森タワー（４３階）
東京都,港区,六本木六本木ヒルズ森タワー（４４階）
東京都,港区,六本木六本木ヒルズ森タワー（４５階）
東京都,港区,六本木六本木ヒルズ森タワー（４６階）
東京都,港区,六本木六本木ヒルズ森タワー（４７階）
東京都,港区,六本木六本木ヒルズ森タワー（４８階）
東京都,港区,六本木六本木ヒルズ森タワー（４９階）
東京都,港区,六本木六本木ヒルズ森タワー（５０階）
東京都,港区,六本木六本木ヒルズ森タワー（５１階）
東京都,港区,六本木六本木ヒルズ森タワー（５２階）
東京都,港区,六本木六本木ヒルズ森タワー（５３階）
東京都,港区,六本木六本木ヒルズ森タワー（５４階）
東京都,新宿区,愛住町
東京都,新宿区,赤城下町
東京都,新宿区,赤城元町
東京都,新宿区,揚場町
東京都,新宿区,荒木町
東京都,新宿区,市谷加賀町
東京都,新宿区,市谷甲良町
東京都,新宿区,市谷砂土原町
東京都,新宿区,市谷左内町
東京都,新宿区,市谷鷹匠町
東京都,新宿区,市谷田町
東京都,新宿区,市谷台町
東京都,新宿区,市谷長延寺町
東京都,新宿区,市谷仲之町
東京都,新宿区,市谷八幡町
東京都,新宿区,市谷船河原町
東京都,新宿区,市谷本村町
東京都,新宿区,市谷薬王寺町
東京都,新宿区,市谷柳町
東京都,新宿区,市谷山伏町
東京都,新宿区,岩戸町
東京都,新宿区,榎町
東京都,新宿区,大久保
東京都,新宿区,改代町
東京都,新宿区,神楽河岸
東京都,新宿区,神楽坂
東京都,新宿区,霞ケ丘町
東京都,新宿区,片町
東京都,新宿区,歌舞伎町
東京都,新宿区,上落合
東京都,新宿区,河田町
東京都,新宿区,喜久井町
東京都,新宿区,北新宿
東京都,新宿区,北町
東京都,新宿区,北山伏町
東京都,新宿区,細工町
東京都,新宿区,坂町
東京都,新宿区,左門町
東京都,新宿区,三栄町
東京都,新宿区,信濃町
東京都,新宿区,下落合
東京都,新宿区,下宮比町
東京都,新宿区,白銀町
東京都,新宿区,新小川町
東京都,新宿区,新宿
東京都,新宿区,水道町
東京都,新宿区,須賀町
東京都,新宿区,住吉町
東京都,新宿区,大京町
東京都,新宿区,高田馬場
東京都,新宿区,箪笥町
東京都,新宿区,築地町
東京都,新宿区,津久戸町
東京都,新宿区,筑土八幡町
東京都,新宿区,天神町
東京都,新宿区,戸塚町
東京都,新宿区,富久町
東京都,新宿区,戸山（３丁目１８・２１番）
東京都,新宿区,戸山（その他）
東京都,新宿区,内藤町
東京都,新宿区,中井
東京都,新宿区,中落合
東京都,新宿区,中里町
東京都,新宿区,中町
東京都,新宿区,納戸町
東京都,新宿区,西落合
東京都,新宿区,西五軒町
東京都,新宿区,西新宿（次のビルを除く）
東京都,新宿区,西新宿新宿アイランドタワー（地階・階層不明）
東京都,新宿区,西新宿新宿アイランドタワー（１階）
東京都,新宿区,西新宿新宿アイランドタワー（２階）
東京都,新宿区,西新宿新宿アイランドタワー（３階）
東京都,新宿区,西新宿新宿アイランドタワー（４階）
東京都,新宿区,西新宿新宿アイランドタワー（５階）
東京都,新宿区,西新宿新宿アイランドタワー（６階）
東京都,新宿区,西新宿新宿アイランドタワー（７階）
東京都,新宿区,西新宿新宿アイランドタワー（８階）
東京都,新宿区,西新宿新宿アイランドタワー（９階）
東京都,新宿区,西新宿新宿アイランドタワー（１０階）
東京都,新宿区,西新宿新宿アイランドタワー（１１階）
東京都,新宿区,西新宿新宿アイランドタワー（１２階）
東京都,新宿区,西新宿新宿アイランドタワー（１３階）
東京都,新宿区,西新宿新宿アイランドタワー（１４階）
東京都,新宿区,西新宿新宿アイランドタワー（１５階）
東京都,新宿区,西新宿新宿アイランドタワー（１６階）
東京都,新宿区,西新宿新宿アイランドタワー（１７階）
東京都,新宿区,西新宿新宿アイランドタワー（１８階）
東京都,新宿区,西新宿新宿アイランドタワー（１９階）
東京都,新宿区,西新宿新宿アイランドタワー（２０階）
東京都,新宿区,西新宿新宿アイランドタワー（２１階）
東京都,新宿区,西新宿新宿アイランドタワー（２２階）
東京都,新宿区,西新宿新宿アイランドタワー（２３階）
東京都,新宿区,西新宿新宿アイランドタワー（２４階）
東京都,新宿区,西新宿新宿アイランドタワー（２５階）
東京都,新宿区,西新宿新宿アイランドタワー（２６階）
東京都,新宿区,西新宿新宿アイランドタワー（２７階）
東京都,新宿区,西新宿新宿アイランドタワー（２８階）
東京都,新宿区,西新宿新宿アイランドタワー（２９階）
東京都,新宿区,西新宿新宿アイランドタワー（３０階）
東京都,新宿区,西新宿新宿アイランドタワー（３１階）
東京都,新宿区,西新宿新宿アイランドタワー（３２階）
東京都,新宿区,西新宿新宿アイランドタワー（３３階）
東京都,新宿区,西新宿新宿アイランドタワー（３４階）
東京都,新宿区,西新宿新宿アイランドタワー（３５階）
東京都,新宿区,西新宿新宿アイランドタワー（３６階）
東京都,新宿区,西新宿新宿アイランドタワー（３７階）
東京都,新宿区,西新宿新宿アイランドタワー（３８階）
東京都,新宿区,西新宿新宿アイランドタワー（３９階）
東京都,新宿区,西新宿新宿アイランドタワー（４０階）
東京都,新宿区,西新宿新宿アイランドタワー（４１階）
東京都,新宿区,西新宿新宿アイランドタワー（４２階）
東京都,新宿区,西新宿新宿アイランドタワー（４３階）
東京都,新宿区,西新宿新宿アイランドタワー（４４階）
東京都,新宿区,西新宿新宿ＮＳビル（地階・階層不明）
東京都,新宿区,西新宿新宿ＮＳビル（１階）
東京都,新宿区,西新宿新宿ＮＳビル（２階）
東京都,新宿区,西新宿新宿ＮＳビル（３階）
東京都,新宿区,西新宿新宿ＮＳビル（４階）
東京都,新宿区,西新宿新宿ＮＳビル（５階）
東京都,新宿区,西新宿新宿ＮＳビル（６階）
東京都,新宿区,西新宿新宿ＮＳビル（７階）
東京都,新宿区,西新宿新宿ＮＳビル（８階）
東京都,新宿区,西新宿新宿ＮＳビル（９階）
東京都,新宿区,西新宿新宿ＮＳビル（１０階）
東京都,新宿区,西新宿新宿ＮＳビル（１１階）
東京都,新宿区,西新宿新宿ＮＳビル（１２階）
東京都,新宿区,西新宿新宿ＮＳビル（１３階）
東京都,新宿区,西新宿新宿ＮＳビル（１４階）
東京都,新宿区,西新宿新宿ＮＳビル（１５階）
東京都,新宿区,西新宿新宿ＮＳビル（１６階）
東京都,新宿区,西新宿新宿ＮＳビル（１７階）
東京都,新宿区,西新宿新宿ＮＳビル（１８階）
東京都,新宿区,西新宿新宿ＮＳビル（１９階）
東京都,新宿区,西新宿新宿ＮＳビル（２０階）
東京都,新宿区,西新宿新宿ＮＳビル（２１階）
東京都,新宿区,西新宿新宿ＮＳビル（２２階）
東京都,新宿区,西新宿新宿ＮＳビル（２３階）
東京都,新宿区,西新宿新宿ＮＳビル（２４階）
東京都,新宿区,西新宿新宿ＮＳビル（２５階）
東京都,新宿区,西新宿新宿ＮＳビル（２６階）
東京都,新宿区,西新宿新宿ＮＳビル（２７階）
東京都,新宿区,西新宿新宿ＮＳビル（２８階）
東京都,新宿区,西新宿新宿ＮＳビル（２９階）
東京都,新宿区,西新宿新宿ＮＳビル（３０階）
東京都,新宿区,西新宿新宿エルタワー（地階・階層不明）
東京都,新宿区,西新宿新宿エルタワー（１階）
東京都,新宿区,西新宿新宿エルタワー（２階）
東京都,新宿区,西新宿新宿エルタワー（３階）
東京都,新宿区,西新宿新宿エルタワー（４階）
東京都,新宿区,西新宿新宿エルタワー（５階）
東京都,新宿区,西新宿新宿エルタワー（６階）
東京都,新宿区,西新宿新宿エルタワー（７階）
東京都,新宿区,西新宿新宿エルタワー（８階）
東京都,新宿区,西新宿新宿エルタワー（９階）
東京都,新宿区,西新宿新宿エルタワー（１０階）
東京都,新宿区,西新宿新宿エルタワー（１１階）
東京都,新宿区,西新宿新宿エルタワー（１２階）
東京都,新宿区,西新宿新宿エルタワー（１３階）
東京都,新宿区,西新宿新宿エルタワー（１４階）
東京都,新宿区,西新宿新宿エルタワー（１５階）
東京都,新宿区,西新宿新宿エルタワー（１６階）
東京都,新宿区,西新宿新宿エルタワー（１７階）
東京都,新宿区,西新宿新宿エルタワー（１８階）
東京都,新宿区,西新宿新宿エルタワー（１９階）
東京都,新宿区,西新宿新宿エルタワー（２０階）
東京都,新宿区,西新宿新宿エルタワー（２１階）
東京都,新宿区,西新宿新宿エルタワー（２２階）
東京都,新宿区,西新宿新宿エルタワー（２３階）
東京都,新宿区,西新宿新宿エルタワー（２４階）
東京都,新宿区,西新宿新宿エルタワー（２５階）
東京都,新宿区,西新宿新宿エルタワー（２６階）
東京都,新宿区,西新宿新宿エルタワー（２７階）
東京都,新宿区,西新宿新宿エルタワー（２８階）
東京都,新宿区,西新宿新宿エルタワー（２９階）
東京都,新宿区,西新宿新宿エルタワー（３０階）
東京都,新宿区,西新宿新宿エルタワー（３１階）
東京都,新宿区,西新宿新宿スクエアタワー（地階・階層不明）
東京都,新宿区,西新宿新宿スクエアタワー（１階）
東京都,新宿区,西新宿新宿スクエアタワー（２階）
東京都,新宿区,西新宿新宿スクエアタワー（３階）
東京都,新宿区,西新宿新宿スクエアタワー（４階）
東京都,新宿区,西新宿新宿スクエアタワー（５階）
東京都,新宿区,西新宿新宿スクエアタワー（６階）
東京都,新宿区,西新宿新宿スクエアタワー（７階）
東京都,新宿区,西新宿新宿スクエアタワー（８階）
東京都,新宿区,西新宿新宿スクエアタワー（９階）
東京都,新宿区,西新宿新宿スクエアタワー（１０階）
東京都,新宿区,西新宿新宿スクエアタワー（１１階）
東京都,新宿区,西新宿新宿スクエアタワー（１２階）
東京都,新宿区,西新宿新宿スクエアタワー（１３階）
東京都,新宿区,西新宿新宿スクエアタワー（１４階）
東京都,新宿区,西新宿新宿スクエアタワー（１５階）
東京都,新宿区,西新宿新宿スクエアタワー（１６階）
東京都,新宿区,西新宿新宿スクエアタワー（１７階）
東京都,新宿区,西新宿新宿スクエアタワー（１８階）
東京都,新宿区,西新宿新宿スクエアタワー（１９階）
東京都,新宿区,西新宿新宿スクエアタワー（２０階）
東京都,新宿区,西新宿新宿スクエアタワー（２１階）
東京都,新宿区,西新宿新宿スクエアタワー（２２階）
東京都,新宿区,西新宿新宿スクエアタワー（２３階）
東京都,新宿区,西新宿新宿スクエアタワー（２４階）
東京都,新宿区,西新宿新宿スクエアタワー（２５階）
東京都,新宿区,西新宿新宿スクエアタワー（２６階）
東京都,新宿区,西新宿新宿スクエアタワー（２７階）
東京都,新宿区,西新宿新宿スクエアタワー（２８階）
東京都,新宿区,西新宿新宿スクエアタワー（２９階）
東京都,新宿区,西新宿新宿スクエアタワー（３０階）
東京都,新宿区,西新宿新宿住友ビル（地階・階層不明）
東京都,新宿区,西新宿新宿住友ビル（１階）
東京都,新宿区,西新宿新宿住友ビル（２階）
東京都,新宿区,西新宿新宿住友ビル（３階）
東京都,新宿区,西新宿新宿住友ビル（４階）
東京都,新宿区,西新宿新宿住友ビル（５階）
東京都,新宿区,西新宿新宿住友ビル（６階）
東京都,新宿区,西新宿新宿住友ビル（７階）
東京都,新宿区,西新宿新宿住友ビル（８階）
東京都,新宿区,西新宿新宿住友ビル（９階）
東京都,新宿区,西新宿新宿住友ビル（１０階）
東京都,新宿区,西新宿新宿住友ビル（１１階）
東京都,新宿区,西新宿新宿住友ビル（１２階）
東京都,新宿区,西新宿新宿住友ビル（１３階）
東京都,新宿区,西新宿新宿住友ビル（１４階）
東京都,新宿区,西新宿新宿住友ビル（１５階）
東京都,新宿区,西新宿新宿住友ビル（１６階）
東京都,新宿区,西新宿新宿住友ビル（１７階）
東京都,新宿区,西新宿新宿住友ビル（１８階）
東京都,新宿区,西新宿新宿住友ビル（１９階）
東京都,新宿区,西新宿新宿住友ビル（２０階）
東京都,新宿区,西新宿新宿住友ビル（２１階）
東京都,新宿区,西新宿新宿住友ビル（２２階）
東京都,新宿区,西新宿新宿住友ビル（２３階）
東京都,新宿区,西新宿新宿住友ビル（２４階）
東京都,新宿区,西新宿新宿住友ビル（２５階）
東京都,新宿区,西新宿新宿住友ビル（２６階）
東京都,新宿区,西新宿新宿住友ビル（２７階）
東京都,新宿区,西新宿新宿住友ビル（２８階）
東京都,新宿区,西新宿新宿住友ビル（２９階）
東京都,新宿区,西新宿新宿住友ビル（３０階）
東京都,新宿区,西新宿新宿住友ビル（３１階）
東京都,新宿区,西新宿新宿住友ビル（３２階）
東京都,新宿区,西新宿新宿住友ビル（３３階）
東京都,新宿区,西新宿新宿住友ビル（３４階）
東京都,新宿区,西新宿新宿住友ビル（３５階）
東京都,新宿区,西新宿新宿住友ビル（３６階）
東京都,新宿区,西新宿新宿住友ビル（３７階）
東京都,新宿区,西新宿新宿住友ビル（３８階）
東京都,新宿区,西新宿新宿住友ビル（３９階）
東京都,新宿区,西新宿新宿住友ビル（４０階）
東京都,新宿区,西新宿新宿住友ビル（４１階）
東京都,新宿区,西新宿新宿住友ビル（４２階）
東京都,新宿区,西新宿新宿住友ビル（４３階）
東京都,新宿区,西新宿新宿住友ビル（４４階）
東京都,新宿区,西新宿新宿住友ビル（４５階）
東京都,新宿区,西新宿新宿住友ビル（４６階）
東京都,新宿区,西新宿新宿住友ビル（４７階）
東京都,新宿区,西新宿新宿住友ビル（４８階）
東京都,新宿区,西新宿新宿住友ビル（４９階）
東京都,新宿区,西新宿新宿住友ビル（５０階）
東京都,新宿区,西新宿新宿住友ビル（５１階）
東京都,新宿区,西新宿新宿住友ビル（５２階）
東京都,新宿区,西新宿新宿センタービル（地階・階層不明）
東京都,新宿区,西新宿新宿センタービル（１階）
東京都,新宿区,西新宿新宿センタービル（２階）
東京都,新宿区,西新宿新宿センタービル（３階）
東京都,新宿区,西新宿新宿センタービル（４階）
東京都,新宿区,西新宿新宿センタービル（５階）
東京都,新宿区,西新宿新宿センタービル（６階）
東京都,新宿区,西新宿新宿センタービル（７階）
東京都,新宿区,西新宿新宿センタービル（８階）
東京都,新宿区,西新宿新宿センタービル（９階）
東京都,新宿区,西新宿新宿センタービル（１０階）
東京都,新宿区,西新宿新宿センタービル（１１階）
東京都,新宿区,西新宿新宿センタービル（１２階）
東京都,新宿区,西新宿新宿センタービル（１３階）
東京都,新宿区,西新宿新宿センタービル（１４階）
東京都,新宿区,西新宿新宿センタービル（１５階）
東京都,新宿区,西新宿新宿センタービル（１６階）
東京都,新宿区,西新宿新宿センタービル（１７階）
東京都,新宿区,西新宿新宿センタービル（１８階）
東京都,新宿区,西新宿新宿センタービル（１９階）
東京都,新宿区,西新宿新宿センタービル（２０階）
東京都,新宿区,西新宿新宿センタービル（２１階）
東京都,新宿区,西新宿新宿センタービル（２２階）
東京都,新宿区,西新宿新宿センタービル（２３階）
東京都,新宿区,西新宿新宿センタービル（２４階）
東京都,新宿区,西新宿新宿センタービル（２５階）
東京都,新宿区,西新宿新宿センタービル（２６階）
東京都,新宿区,西新宿新宿センタービル（２７階）
東京都,新宿区,西新宿新宿センタービル（２８階）
東京都,新宿区,西新宿新宿センタービル（２９階）
東京都,新宿区,西新宿新宿センタービル（３０階）
東京都,新宿区,西新宿新宿センタービル（３１階）
東京都,新宿区,西新宿新宿センタービル（３２階）
東京都,新宿区,西新宿新宿センタービル（３３階）
東京都,新宿区,西新宿新宿センタービル（３４階）
東京都,新宿区,西新宿新宿センタービル（３５階）
東京都,新宿区,西新宿新宿センタービル（３６階）
東京都,新宿区,西新宿新宿センタービル（３７階）
東京都,新宿区,西新宿新宿センタービル（３８階）
東京都,新宿区,西新宿新宿センタービル（３９階）
東京都,新宿区,西新宿新宿センタービル（４０階）
東京都,新宿区,西新宿新宿センタービル（４１階）
東京都,新宿区,西新宿新宿センタービル（４２階）
東京都,新宿区,西新宿新宿センタービル（４３階）
東京都,新宿区,西新宿新宿センタービル（４４階）
東京都,新宿区,西新宿新宿センタービル（４５階）
東京都,新宿区,西新宿新宿センタービル（４６階）
東京都,新宿区,西新宿新宿センタービル（４７階）
東京都,新宿区,西新宿新宿センタービル（４８階）
東京都,新宿区,西新宿新宿センタービル（４９階）
東京都,新宿区,西新宿新宿センタービル（５０階）
東京都,新宿区,西新宿新宿センタービル（５１階）
東京都,新宿区,西新宿新宿センタービル（５２階）
東京都,新宿区,西新宿新宿センタービル（５３階）
東京都,新宿区,西新宿新宿センタービル（５４階）
東京都,新宿区,西新宿新宿第一生命ビル（地階・階層不明）
東京都,新宿区,西新宿新宿第一生命ビル（１階）
東京都,新宿区,西新宿新宿第一生命ビル（２階）
東京都,新宿区,西新宿新宿第一生命ビル（３階）
東京都,新宿区,西新宿新宿第一生命ビル（４階）
東京都,新宿区,西新宿新宿第一生命ビル（５階）
東京都,新宿区,西新宿新宿第一生命ビル（６階）
東京都,新宿区,西新宿新宿第一生命ビル（７階）
東京都,新宿区,西新宿新宿第一生命ビル（８階）
東京都,新宿区,西新宿新宿第一生命ビル（９階）
東京都,新宿区,西新宿新宿第一生命ビル（１０階）
東京都,新宿区,西新宿新宿第一生命ビル（１１階）
東京都,新宿区,西新宿新宿第一生命ビル（１２階）
東京都,新宿区,西新宿新宿第一生命ビル（１３階）
東京都,新宿区,西新宿新宿第一生命ビル（１４階）
東京都,新宿区,西新宿新宿第一生命ビル（１５階）
東京都,新宿区,西新宿新宿第一生命ビル（１６階）
東京都,新宿区,西新宿新宿第一生命ビル（１７階）
東京都,新宿区,西新宿新宿第一生命ビル（１８階）
東京都,新宿区,西新宿新宿第一生命ビル（１９階）
東京都,新宿区,西新宿新宿第一生命ビル（２０階）
東京都,新宿区,西新宿新宿第一生命ビル（２１階）
東京都,新宿区,西新宿新宿第一生命ビル（２２階）
東京都,新宿区,西新宿新宿第一生命ビル（２３階）
東京都,新宿区,西新宿新宿第一生命ビル（２４階）
東京都,新宿区,西新宿新宿第一生命ビル（２５階）
東京都,新宿区,西新宿新宿第一生命ビル（２６階）
東京都,新宿区,西新宿新宿野村ビル（地階・階層不明）
東京都,新宿区,西新宿新宿野村ビル（１階）
東京都,新宿区,西新宿新宿野村ビル（２階）
東京都,新宿区,西新宿新宿野村ビル（３階）
東京都,新宿区,西新宿新宿野村ビル（４階）
東京都,新宿区,西新宿新宿野村ビル（５階）
東京都,新宿区,西新宿新宿野村ビル（６階）
東京都,新宿区,西新宿新宿野村ビル（７階）
東京都,新宿区,西新宿新宿野村ビル（８階）
東京都,新宿区,西新宿新宿野村ビル（９階）
東京都,新宿区,西新宿新宿野村ビル（１０階）
東京都,新宿区,西新宿新宿野村ビル（１１階）
東京都,新宿区,西新宿新宿野村ビル（１２階）
東京都,新宿区,西新宿新宿野村ビル（１３階）
東京都,新宿区,西新宿新宿野村ビル（１４階）
東京都,新宿区,西新宿新宿野村ビル（１５階）
東京都,新宿区,西新宿新宿野村ビル（１６階）
東京都,新宿区,西新宿新宿野村ビル（１７階）
東京都,新宿区,西新宿新宿野村ビル（１８階）
東京都,新宿区,西新宿新宿野村ビル（１９階）
東京都,新宿区,西新宿新宿野村ビル（２０階）
東京都,新宿区,西新宿新宿野村ビル（２１階）
東京都,新宿区,西新宿新宿野村ビル（２２階）
東京都,新宿区,西新宿新宿野村ビル（２３階）
東京都,新宿区,西新宿新宿野村ビル（２４階）
東京都,新宿区,西新宿新宿野村ビル（２５階）
東京都,新宿区,西新宿新宿野村ビル（２６階）
東京都,新宿区,西新宿新宿野村ビル（２７階）
東京都,新宿区,西新宿新宿野村ビル（２８階）
東京都,新宿区,西新宿新宿野村ビル（２９階）
東京都,新宿区,西新宿新宿野村ビル（３０階）
東京都,新宿区,西新宿新宿野村ビル（３１階）
東京都,新宿区,西新宿新宿野村ビル（３２階）
東京都,新宿区,西新宿新宿野村ビル（３３階）
東京都,新宿区,西新宿新宿野村ビル（３４階）
東京都,新宿区,西新宿新宿野村ビル（３５階）
東京都,新宿区,西新宿新宿野村ビル（３６階）
東京都,新宿区,西新宿新宿野村ビル（３７階）
東京都,新宿区,西新宿新宿野村ビル（３８階）
東京都,新宿区,西新宿新宿野村ビル（３９階）
東京都,新宿区,西新宿新宿野村ビル（４０階）
東京都,新宿区,西新宿新宿野村ビル（４１階）
東京都,新宿区,西新宿新宿野村ビル（４２階）
東京都,新宿区,西新宿新宿野村ビル（４３階）
東京都,新宿区,西新宿新宿野村ビル（４４階）
東京都,新宿区,西新宿新宿野村ビル（４５階）
東京都,新宿区,西新宿新宿野村ビル（４６階）
東京都,新宿区,西新宿新宿野村ビル（４７階）
東京都,新宿区,西新宿新宿野村ビル（４８階）
東京都,新宿区,西新宿新宿野村ビル（４９階）
東京都,新宿区,西新宿新宿野村ビル（５０階）
東京都,新宿区,西新宿新宿パークタワー（地階・階層不明）
東京都,新宿区,西新宿新宿パークタワー（１階）
東京都,新宿区,西新宿新宿パークタワー（２階）
東京都,新宿区,西新宿新宿パークタワー（３階）
東京都,新宿区,西新宿新宿パークタワー（４階）
東京都,新宿区,西新宿新宿パークタワー（５階）
東京都,新宿区,西新宿新宿パークタワー（６階）
東京都,新宿区,西新宿新宿パークタワー（７階）
東京都,新宿区,西新宿新宿パークタワー（８階）
東京都,新宿区,西新宿新宿パークタワー（９階）
東京都,新宿区,西新宿新宿パークタワー（１０階）
東京都,新宿区,西新宿新宿パークタワー（１１階）
東京都,新宿区,西新宿新宿パークタワー（１２階）
東京都,新宿区,西新宿新宿パークタワー（１３階）
東京都,新宿区,西新宿新宿パークタワー（１４階）
東京都,新宿区,西新宿新宿パークタワー（１５階）
東京都,新宿区,西新宿新宿パークタワー（１６階）
東京都,新宿区,西新宿新宿パークタワー（１７階）
東京都,新宿区,西新宿新宿パークタワー（１８階）
東京都,新宿区,西新宿新宿パークタワー（１９階）
東京都,新宿区,西新宿新宿パークタワー（２０階）
東京都,新宿区,西新宿新宿パークタワー（２１階）
東京都,新宿区,西新宿新宿パークタワー（２２階）
東京都,新宿区,西新宿新宿パークタワー（２３階）
東京都,新宿区,西新宿新宿パークタワー（２４階）
東京都,新宿区,西新宿新宿パークタワー（２５階）
東京都,新宿区,西新宿新宿パークタワー（２６階）
東京都,新宿区,西新宿新宿パークタワー（２７階）
東京都,新宿区,西新宿新宿パークタワー（２８階）
東京都,新宿区,西新宿新宿パークタワー（２９階）
東京都,新宿区,西新宿新宿パークタワー（３０階）
東京都,新宿区,西新宿新宿パークタワー（３１階）
東京都,新宿区,西新宿新宿パークタワー（３２階）
東京都,新宿区,西新宿新宿パークタワー（３３階）
東京都,新宿区,西新宿新宿パークタワー（３４階）
東京都,新宿区,西新宿新宿パークタワー（３５階）
東京都,新宿区,西新宿新宿パークタワー（３６階）
東京都,新宿区,西新宿新宿パークタワー（３７階）
東京都,新宿区,西新宿新宿パークタワー（３８階）
東京都,新宿区,西新宿新宿パークタワー（３９階）
東京都,新宿区,西新宿新宿パークタワー（４０階）
東京都,新宿区,西新宿新宿パークタワー（４１階）
東京都,新宿区,西新宿新宿パークタワー（４２階）
東京都,新宿区,西新宿新宿パークタワー（４３階）
東京都,新宿区,西新宿新宿パークタワー（４４階）
東京都,新宿区,西新宿新宿パークタワー（４５階）
東京都,新宿区,西新宿新宿パークタワー（４６階）
東京都,新宿区,西新宿新宿パークタワー（４７階）
東京都,新宿区,西新宿新宿パークタワー（４８階）
東京都,新宿区,西新宿新宿パークタワー（４９階）
東京都,新宿区,西新宿新宿パークタワー（５０階）
東京都,新宿区,西新宿新宿パークタワー（５１階）
東京都,新宿区,西新宿新宿パークタワー（５２階）
東京都,新宿区,西新宿新宿三井ビル（地階・階層不明）
東京都,新宿区,西新宿新宿三井ビル（１階）
東京都,新宿区,西新宿新宿三井ビル（２階）
東京都,新宿区,西新宿新宿三井ビル（３階）
東京都,新宿区,西新宿新宿三井ビル（４階）
東京都,新宿区,西新宿新宿三井ビル（５階）
東京都,新宿区,西新宿新宿三井ビル（６階）
東京都,新宿区,西新宿新宿三井ビル（７階）
東京都,新宿区,西新宿新宿三井ビル（８階）
東京都,新宿区,西新宿新宿三井ビル（９階）
東京都,新宿区,西新宿新宿三井ビル（１０階）
東京都,新宿区,西新宿新宿三井ビル（１１階）
東京都,新宿区,西新宿新宿三井ビル（１２階）
東京都,新宿区,西新宿新宿三井ビル（１３階）
東京都,新宿区,西新宿新宿三井ビル（１４階）
東京都,新宿区,西新宿新宿三井ビル（１５階）
東京都,新宿区,西新宿新宿三井ビル（１６階）
東京都,新宿区,西新宿新宿三井ビル（１７階）
東京都,新宿区,西新宿新宿三井ビル（１８階）
東京都,新宿区,西新宿新宿三井ビル（１９階）
東京都,新宿区,西新宿新宿三井ビル（２０階）
東京都,新宿区,西新宿新宿三井ビル（２１階）
東京都,新宿区,西新宿新宿三井ビル（２２階）
東京都,新宿区,西新宿新宿三井ビル（２３階）
東京都,新宿区,西新宿新宿三井ビル（２４階）
東京都,新宿区,西新宿新宿三井ビル（２５階）
東京都,新宿区,西新宿新宿三井ビル（２６階）
東京都,新宿区,西新宿新宿三井ビル（２７階）
東京都,新宿区,西新宿新宿三井ビル（２８階）
東京都,新宿区,西新宿新宿三井ビル（２９階）
東京都,新宿区,西新宿新宿三井ビル（３０階）
東京都,新宿区,西新宿新宿三井ビル（３１階）
東京都,新宿区,西新宿新宿三井ビル（３２階）
東京都,新宿区,西新宿新宿三井ビル（３３階）
東京都,新宿区,西新宿新宿三井ビル（３４階）
東京都,新宿区,西新宿新宿三井ビル（３５階）
東京都,新宿区,西新宿新宿三井ビル（３６階）
東京都,新宿区,西新宿新宿三井ビル（３７階）
東京都,新宿区,西新宿新宿三井ビル（３８階）
東京都,新宿区,西新宿新宿三井ビル（３９階）
東京都,新宿区,西新宿新宿三井ビル（４０階）
東京都,新宿区,西新宿新宿三井ビル（４１階）
東京都,新宿区,西新宿新宿三井ビル（４２階）
東京都,新宿区,西新宿新宿三井ビル（４３階）
東京都,新宿区,西新宿新宿三井ビル（４４階）
東京都,新宿区,西新宿新宿三井ビル（４５階）
東京都,新宿区,西新宿新宿三井ビル（４６階）
東京都,新宿区,西新宿新宿三井ビル（４７階）
東京都,新宿区,西新宿新宿三井ビル（４８階）
東京都,新宿区,西新宿新宿三井ビル（４９階）
東京都,新宿区,西新宿新宿三井ビル（５０階）
東京都,新宿区,西新宿新宿三井ビル（５１階）
東京都,新宿区,西新宿新宿三井ビル（５２階）
東京都,新宿区,西新宿新宿三井ビル（５３階）
東京都,新宿区,西新宿新宿三井ビル（５４階）
東京都,新宿区,西新宿新宿三井ビル（５５階）
東京都,新宿区,西新宿新宿モノリス（地階・階層不明）
東京都,新宿区,西新宿新宿モノリス（１階）
東京都,新宿区,西新宿新宿モノリス（２階）
東京都,新宿区,西新宿新宿モノリス（３階）
東京都,新宿区,西新宿新宿モノリス（４階）
東京都,新宿区,西新宿新宿モノリス（５階）
東京都,新宿区,西新宿新宿モノリス（６階）
東京都,新宿区,西新宿新宿モノリス（７階）
東京都,新宿区,西新宿新宿モノリス（８階）
東京都,新宿区,西新宿新宿モノリス（９階）
東京都,新宿区,西新宿新宿モノリス（１０階）
東京都,新宿区,西新宿新宿モノリス（１１階）
東京都,新宿区,西新宿新宿モノリス（１２階）
東京都,新宿区,西新宿新宿モノリス（１３階）
東京都,新宿区,西新宿新宿モノリス（１４階）
東京都,新宿区,西新宿新宿モノリス（１５階）
東京都,新宿区,西新宿新宿モノリス（１６階）
東京都,新宿区,西新宿新宿モノリス（１７階）
東京都,新宿区,西新宿新宿モノリス（１８階）
東京都,新宿区,西新宿新宿モノリス（１９階）
東京都,新宿区,西新宿新宿モノリス（２０階）
東京都,新宿区,西新宿新宿モノリス（２１階）
東京都,新宿区,西新宿新宿モノリス（２２階）
東京都,新宿区,西新宿新宿モノリス（２３階）
東京都,新宿区,西新宿新宿モノリス（２４階）
東京都,新宿区,西新宿新宿モノリス（２５階）
東京都,新宿区,西新宿新宿モノリス（２６階）
東京都,新宿区,西新宿新宿モノリス（２７階）
東京都,新宿区,西新宿新宿モノリス（２８階）
東京都,新宿区,西新宿新宿モノリス（２９階）
東京都,新宿区,西新宿新宿モノリス（３０階）
東京都,新宿区,西新宿住友不動産新宿オークタワー（地階・階層不明）
東京都,新宿区,西新宿住友不動産新宿オークタワー（１階）
東京都,新宿区,西新宿住友不動産新宿オークタワー（２階）
東京都,新宿区,西新宿住友不動産新宿オークタワー（３階）
東京都,新宿区,西新宿住友不動産新宿オークタワー（４階）
東京都,新宿区,西新宿住友不動産新宿オークタワー（５階）
東京都,新宿区,西新宿住友不動産新宿オークタワー（６階）
東京都,新宿区,西新宿住友不動産新宿オークタワー（７階）
東京都,新宿区,西新宿住友不動産新宿オークタワー（８階）
東京都,新宿区,西新宿住友不動産新宿オークタワー（９階）
東京都,新宿区,西新宿住友不動産新宿オークタワー（１０階）
東京都,新宿区,西新宿住友不動産新宿オークタワー（１１階）
東京都,新宿区,西新宿住友不動産新宿オークタワー（１２階）
東京都,新宿区,西新宿住友不動産新宿オークタワー（１３階）
東京都,新宿区,西新宿住友不動産新宿オークタワー（１４階）
東京都,新宿区,西新宿住友不動産新宿オークタワー（１５階）
東京都,新宿区,西新宿住友不動産新宿オークタワー（１６階）
東京都,新宿区,西新宿住友不動産新宿オークタワー（１７階）
東京都,新宿区,西新宿住友不動産新宿オークタワー（１８階）
東京都,新宿区,西新宿住友不動産新宿オークタワー（１９階）
東京都,新宿区,西新宿住友不動産新宿オークタワー（２０階）
東京都,新宿区,西新宿住友不動産新宿オークタワー（２１階）
東京都,新宿区,西新宿住友不動産新宿オークタワー（２２階）
東京都,新宿区,西新宿住友不動産新宿オークタワー（２３階）
東京都,新宿区,西新宿住友不動産新宿オークタワー（２４階）
東京都,新宿区,西新宿住友不動産新宿オークタワー（２５階）
東京都,新宿区,西新宿住友不動産新宿オークタワー（２６階）
東京都,新宿区,西新宿住友不動産新宿オークタワー（２７階）
東京都,新宿区,西新宿住友不動産新宿オークタワー（２８階）
東京都,新宿区,西新宿住友不動産新宿オークタワー（２９階）
東京都,新宿区,西新宿住友不動産新宿オークタワー（３０階）
東京都,新宿区,西新宿住友不動産新宿オークタワー（３１階）
東京都,新宿区,西新宿住友不動産新宿オークタワー（３２階）
東京都,新宿区,西新宿住友不動産新宿オークタワー（３３階）
東京都,新宿区,西新宿住友不動産新宿オークタワー（３４階）
東京都,新宿区,西新宿住友不動産新宿オークタワー（３５階）
東京都,新宿区,西新宿住友不動産新宿オークタワー（３６階）
東京都,新宿区,西新宿住友不動産新宿オークタワー（３７階）
東京都,新宿区,西新宿住友不動産新宿オークタワー（３８階）
東京都,新宿区,西新宿東京オペラシティ（地階・階層不明）
東京都,新宿区,西新宿東京オペラシティ（１階）
東京都,新宿区,西新宿東京オペラシティ（２階）
東京都,新宿区,西新宿東京オペラシティ（３階）
東京都,新宿区,西新宿東京オペラシティ（４階）
東京都,新宿区,西新宿東京オペラシティ（５階）
東京都,新宿区,西新宿東京オペラシティ（６階）
東京都,新宿区,西新宿東京オペラシティ（７階）
東京都,新宿区,西新宿東京オペラシティ（８階）
東京都,新宿区,西新宿東京オペラシティ（９階）
東京都,新宿区,西新宿東京オペラシティ（１０階）
東京都,新宿区,西新宿東京オペラシティ（１１階）
東京都,新宿区,西新宿東京オペラシティ（１２階）
東京都,新宿区,西新宿東京オペラシティ（１３階）
東京都,新宿区,西新宿東京オペラシティ（１４階）
東京都,新宿区,西新宿東京オペラシティ（１５階）
東京都,新宿区,西新宿東京オペラシティ（１６階）
東京都,新宿区,西新宿東京オペラシティ（１７階）
東京都,新宿区,西新宿東京オペラシティ（１８階）
東京都,新宿区,西新宿東京オペラシティ（１９階）
東京都,新宿区,西新宿東京オペラシティ（２０階）
東京都,新宿区,西新宿東京オペラシティ（２１階）
東京都,新宿区,西新宿東京オペラシティ（２２階）
東京都,新宿区,西新宿東京オペラシティ（２３階）
東京都,新宿区,西新宿東京オペラシティ（２４階）
東京都,新宿区,西新宿東京オペラシティ（２５階）
東京都,新宿区,西新宿東京オペラシティ（２６階）
東京都,新宿区,西新宿東京オペラシティ（２７階）
東京都,新宿区,西新宿東京オペラシティ（２８階）
東京都,新宿区,西新宿東京オペラシティ（２９階）
東京都,新宿区,西新宿東京オペラシティ（３０階）
東京都,新宿区,西新宿東京オペラシティ（３１階）
東京都,新宿区,西新宿東京オペラシティ（３２階）
東京都,新宿区,西新宿東京オペラシティ（３３階）
東京都,新宿区,西新宿東京オペラシティ（３４階）
東京都,新宿区,西新宿東京オペラシティ（３５階）
東京都,新宿区,西新宿東京オペラシティ（３６階）
東京都,新宿区,西新宿東京オペラシティ（３７階）
東京都,新宿区,西新宿東京オペラシティ（３８階）
東京都,新宿区,西新宿東京オペラシティ（３９階）
東京都,新宿区,西新宿東京オペラシティ（４０階）
東京都,新宿区,西新宿東京オペラシティ（４１階）
東京都,新宿区,西新宿東京オペラシティ（４２階）
東京都,新宿区,西新宿東京オペラシティ（４３階）
東京都,新宿区,西新宿東京オペラシティ（４４階）
東京都,新宿区,西新宿東京オペラシティ（４５階）
東京都,新宿区,西新宿東京オペラシティ（４６階）
東京都,新宿区,西新宿東京オペラシティ（４７階）
東京都,新宿区,西新宿東京オペラシティ（４８階）
東京都,新宿区,西新宿東京オペラシティ（４９階）
東京都,新宿区,西新宿東京オペラシティ（５０階）
東京都,新宿区,西新宿東京オペラシティ（５１階）
東京都,新宿区,西新宿東京オペラシティ（５２階）
東京都,新宿区,西新宿東京オペラシティ（５３階）
東京都,新宿区,西新宿東京オペラシティ（５４階）
東京都,新宿区,西早稲田（２丁目１番１〜２３号、２番）
東京都,新宿区,西早稲田（その他）
東京都,新宿区,二十騎町
東京都,新宿区,馬場下町
東京都,新宿区,払方町
東京都,新宿区,原町
東京都,新宿区,東榎町
東京都,新宿区,東五軒町
東京都,新宿区,百人町
東京都,新宿区,袋町
東京都,新宿区,舟町
東京都,新宿区,弁天町
東京都,新宿区,本塩町
東京都,新宿区,南榎町
東京都,新宿区,南町
東京都,新宿区,南元町
東京都,新宿区,南山伏町
東京都,新宿区,山吹町
東京都,新宿区,矢来町
東京都,新宿区,横寺町
東京都,新宿区,余丁町
東京都,新宿区,四谷
東京都,新宿区,若葉
東京都,新宿区,若松町
東京都,新宿区,若宮町
東京都,新宿区,早稲田鶴巻町
東京都,新宿区,早稲田南町
東京都,新宿区,早稲田町
東京都,文京区,大塚
東京都,文京区,音羽
東京都,文京区,春日
東京都,文京区,小石川
東京都,文京区,後楽
東京都,文京区,小日向
東京都,文京区,水道
東京都,文京区,関口
東京都,文京区,千石
東京都,文京区,千駄木
東京都,文京区,西片
東京都,文京区,根津
東京都,文京区,白山（１丁目）
東京都,文京区,白山（２〜５丁目）
東京都,文京区,本駒込
東京都,文京区,本郷
東京都,文京区,向丘
東京都,文京区,目白台
東京都,文京区,弥生
東京都,文京区,湯島
東京都,台東区,秋葉原
東京都,台東区,浅草
東京都,台東区,浅草橋
東京都,台東区,池之端
東京都,台東区,今戸
東京都,台東区,入谷
東京都,台東区,上野
東京都,台東区,上野公園
東京都,台東区,上野桜木
東京都,台東区,雷門
東京都,台東区,北上野
東京都,台東区,清川
東京都,台東区,蔵前
東京都,台東区,小島
東京都,台東区,寿
東京都,台東区,駒形
東京都,台東区,下谷
東京都,台東区,千束
東京都,台東区,台東
東京都,台東区,鳥越
東京都,台東区,西浅草
東京都,台東区,日本堤
東京都,台東区,根岸
東京都,台東区,橋場
東京都,台東区,花川戸
東京都,台東区,東浅草
東京都,台東区,東上野
東京都,台東区,松が谷
東京都,台東区,三筋
東京都,台東区,三ノ輪
東京都,台東区,元浅草
東京都,台東区,谷中
東京都,台東区,柳橋
東京都,台東区,竜泉
東京都,墨田区,吾妻橋
東京都,墨田区,石原
東京都,墨田区,押上
東京都,墨田区,亀沢
東京都,墨田区,菊川
東京都,墨田区,京島
東京都,墨田区,錦糸
東京都,墨田区,江東橋
東京都,墨田区,墨田
東京都,墨田区,太平
東京都,墨田区,立花
東京都,墨田区,立川
東京都,墨田区,千歳
東京都,墨田区,堤通
東京都,墨田区,業平
東京都,墨田区,東駒形
東京都,墨田区,東墨田
東京都,墨田区,東向島
東京都,墨田区,文花
東京都,墨田区,本所
東京都,墨田区,緑
東京都,墨田区,向島
東京都,墨田区,八広
東京都,墨田区,横網
東京都,墨田区,横川
東京都,墨田区,両国
東京都,江東区,青海
東京都,江東区,有明
東京都,江東区,石島
東京都,江東区,海辺
東京都,江東区,永代
東京都,江東区,枝川
東京都,江東区,越中島
東京都,江東区,扇橋
東京都,江東区,大島
東京都,江東区,亀戸
東京都,江東区,北砂
東京都,江東区,木場
東京都,江東区,清澄
東京都,江東区,佐賀
東京都,江東区,猿江
東京都,江東区,塩浜
東京都,江東区,潮見
東京都,江東区,東雲
東京都,江東区,白河
東京都,江東区,新大橋
東京都,江東区,新木場
東京都,江東区,新砂
東京都,江東区,住吉
東京都,江東区,千石
東京都,江東区,千田
東京都,江東区,高橋
東京都,江東区,辰巳
東京都,江東区,中央防波堤
東京都,江東区,東陽
東京都,江東区,常盤
東京都,江東区,富岡
東京都,江東区,豊洲（次のビルを除く）
東京都,江東区,豊洲豊洲センタービル（地階・階層不明）
東京都,江東区,豊洲豊洲センタービル（１階）
東京都,江東区,豊洲豊洲センタービル（２階）
東京都,江東区,豊洲豊洲センタービル（３階）
東京都,江東区,豊洲豊洲センタービル（４階）
東京都,江東区,豊洲豊洲センタービル（５階）
東京都,江東区,豊洲豊洲センタービル（６階）
東京都,江東区,豊洲豊洲センタービル（７階）
東京都,江東区,豊洲豊洲センタービル（８階）
東京都,江東区,豊洲豊洲センタービル（９階）
東京都,江東区,豊洲豊洲センタービル（１０階）
東京都,江東区,豊洲豊洲センタービル（１１階）
東京都,江東区,豊洲豊洲センタービル（１２階）
東京都,江東区,豊洲豊洲センタービル（１３階）
東京都,江東区,豊洲豊洲センタービル（１４階）
東京都,江東区,豊洲豊洲センタービル（１５階）
東京都,江東区,豊洲豊洲センタービル（１６階）
東京都,江東区,豊洲豊洲センタービル（１７階）
東京都,江東区,豊洲豊洲センタービル（１８階）
東京都,江東区,豊洲豊洲センタービル（１９階）
東京都,江東区,豊洲豊洲センタービル（２０階）
東京都,江東区,豊洲豊洲センタービル（２１階）
東京都,江東区,豊洲豊洲センタービル（２２階）
東京都,江東区,豊洲豊洲センタービル（２３階）
東京都,江東区,豊洲豊洲センタービル（２４階）
東京都,江東区,豊洲豊洲センタービル（２５階）
東京都,江東区,豊洲豊洲センタービル（２６階）
東京都,江東区,豊洲豊洲センタービル（２７階）
東京都,江東区,豊洲豊洲センタービル（２８階）
東京都,江東区,豊洲豊洲センタービル（２９階）
東京都,江東区,豊洲豊洲センタービル（３０階）
東京都,江東区,豊洲豊洲センタービル（３１階）
東京都,江東区,豊洲豊洲センタービル（３２階）
東京都,江東区,豊洲豊洲センタービル（３３階）
東京都,江東区,豊洲豊洲センタービル（３４階）
東京都,江東区,豊洲豊洲センタービル（３５階）
東京都,江東区,豊洲豊洲センタービル（３６階）
東京都,江東区,豊洲豊洲センタービル（３７階）
東京都,江東区,東砂
東京都,江東区,平野
東京都,江東区,深川
東京都,江東区,福住
東京都,江東区,冬木
東京都,江東区,古石場
東京都,江東区,牡丹
東京都,江東区,南砂
東京都,江東区,三好
東京都,江東区,毛利
東京都,江東区,森下
東京都,江東区,門前仲町
東京都,江東区,夢の島
東京都,江東区,若洲
東京都,品川区,荏原
東京都,品川区,大井
東京都,品川区,大崎（次のビルを除く）
東京都,品川区,大崎ＴｈｉｎｋＰａｒｋＴｏｗｅｒ（地階・階層不明）
東京都,品川区,大崎ＴｈｉｎｋＰａｒｋＴｏｗｅｒ（１階）
東京都,品川区,大崎ＴｈｉｎｋＰａｒｋＴｏｗｅｒ（２階）
東京都,品川区,大崎ＴｈｉｎｋＰａｒｋＴｏｗｅｒ（３階）
東京都,品川区,大崎ＴｈｉｎｋＰａｒｋＴｏｗｅｒ（４階）
東京都,品川区,大崎ＴｈｉｎｋＰａｒｋＴｏｗｅｒ（５階）
東京都,品川区,大崎ＴｈｉｎｋＰａｒｋＴｏｗｅｒ（６階）
東京都,品川区,大崎ＴｈｉｎｋＰａｒｋＴｏｗｅｒ（７階）
東京都,品川区,大崎ＴｈｉｎｋＰａｒｋＴｏｗｅｒ（８階）
東京都,品川区,大崎ＴｈｉｎｋＰａｒｋＴｏｗｅｒ（９階）
東京都,品川区,大崎ＴｈｉｎｋＰａｒｋＴｏｗｅｒ（１０階）
東京都,品川区,大崎ＴｈｉｎｋＰａｒｋＴｏｗｅｒ（１１階）
東京都,品川区,大崎ＴｈｉｎｋＰａｒｋＴｏｗｅｒ（１２階）
東京都,品川区,大崎ＴｈｉｎｋＰａｒｋＴｏｗｅｒ（１３階）
東京都,品川区,大崎ＴｈｉｎｋＰａｒｋＴｏｗｅｒ（１４階）
東京都,品川区,大崎ＴｈｉｎｋＰａｒｋＴｏｗｅｒ（１５階）
東京都,品川区,大崎ＴｈｉｎｋＰａｒｋＴｏｗｅｒ（１６階）
東京都,品川区,大崎ＴｈｉｎｋＰａｒｋＴｏｗｅｒ（１７階）
東京都,品川区,大崎ＴｈｉｎｋＰａｒｋＴｏｗｅｒ（１８階）
東京都,品川区,大崎ＴｈｉｎｋＰａｒｋＴｏｗｅｒ（１９階）
東京都,品川区,大崎ＴｈｉｎｋＰａｒｋＴｏｗｅｒ（２０階）
東京都,品川区,大崎ＴｈｉｎｋＰａｒｋＴｏｗｅｒ（２１階）
東京都,品川区,大崎ＴｈｉｎｋＰａｒｋＴｏｗｅｒ（２２階）
東京都,品川区,大崎ＴｈｉｎｋＰａｒｋＴｏｗｅｒ（２３階）
東京都,品川区,大崎ＴｈｉｎｋＰａｒｋＴｏｗｅｒ（２４階）
東京都,品川区,大崎ＴｈｉｎｋＰａｒｋＴｏｗｅｒ（２５階）
東京都,品川区,大崎ＴｈｉｎｋＰａｒｋＴｏｗｅｒ（２６階）
東京都,品川区,大崎ＴｈｉｎｋＰａｒｋＴｏｗｅｒ（２７階）
東京都,品川区,大崎ＴｈｉｎｋＰａｒｋＴｏｗｅｒ（２８階）
東京都,品川区,大崎ＴｈｉｎｋＰａｒｋＴｏｗｅｒ（２９階）
東京都,品川区,大崎ＴｈｉｎｋＰａｒｋＴｏｗｅｒ（３０階）
東京都,品川区,勝島
東京都,品川区,上大崎
東京都,品川区,北品川（１〜４丁目）
東京都,品川区,北品川（５、６丁目）
東京都,品川区,小山
東京都,品川区,小山台
東京都,品川区,戸越
東京都,品川区,中延
東京都,品川区,西大井
東京都,品川区,西五反田
東京都,品川区,西品川
東京都,品川区,西中延
東京都,品川区,旗の台
東京都,品川区,東大井
東京都,品川区,東五反田
東京都,品川区,東品川
東京都,品川区,東中延
東京都,品川区,東八潮
東京都,品川区,平塚
東京都,品川区,広町
東京都,品川区,二葉
東京都,品川区,南大井
東京都,品川区,南品川
東京都,品川区,八潮
東京都,品川区,豊町
東京都,目黒区,青葉台
東京都,目黒区,大岡山
東京都,目黒区,大橋
東京都,目黒区,柿の木坂
東京都,目黒区,上目黒
東京都,目黒区,五本木
東京都,目黒区,駒場
東京都,目黒区,下目黒
東京都,目黒区,自由が丘
東京都,目黒区,洗足
東京都,目黒区,平町
東京都,目黒区,鷹番
東京都,目黒区,中央町
東京都,目黒区,中町
東京都,目黒区,中根
東京都,目黒区,中目黒
東京都,目黒区,原町
東京都,目黒区,東が丘
東京都,目黒区,東山
東京都,目黒区,碑文谷
東京都,目黒区,三田
東京都,目黒区,緑が丘
東京都,目黒区,南
東京都,目黒区,目黒
東京都,目黒区,目黒本町
東京都,目黒区,八雲
東京都,目黒区,祐天寺
東京都,大田区,池上
東京都,大田区,石川町
東京都,大田区,鵜の木
東京都,大田区,大森中
東京都,大田区,大森本町
東京都,大田区,大森東
東京都,大田区,大森西
東京都,大田区,大森南
東京都,大田区,大森北
東京都,大田区,蒲田
東京都,大田区,蒲田本町
東京都,大田区,上池台
東京都,大田区,北糀谷
東京都,大田区,北千束
東京都,大田区,北馬込
東京都,大田区,北嶺町
東京都,大田区,久が原
東京都,大田区,京浜島
東京都,大田区,山王
東京都,大田区,下丸子
東京都,大田区,城南島
東京都,大田区,昭和島
東京都,大田区,新蒲田
東京都,大田区,多摩川
東京都,大田区,千鳥
東京都,大田区,中央
東京都,大田区,田園調布
東京都,大田区,田園調布本町
東京都,大田区,田園調布南
東京都,大田区,東海
東京都,大田区,仲池上
東京都,大田区,中馬込
東京都,大田区,仲六郷
東京都,大田区,西蒲田
東京都,大田区,西糀谷
東京都,大田区,西馬込
東京都,大田区,西嶺町
東京都,大田区,西六郷
東京都,大田区,萩中
東京都,大田区,羽田
東京都,大田区,羽田旭町
東京都,大田区,羽田空港
東京都,大田区,東蒲田
東京都,大田区,東糀谷
東京都,大田区,東馬込
東京都,大田区,東嶺町
東京都,大田区,東矢口
東京都,大田区,東雪谷
東京都,大田区,東六郷
東京都,大田区,ふるさとの浜辺公園
東京都,大田区,平和島
東京都,大田区,平和の森公園
東京都,大田区,本羽田
東京都,大田区,南蒲田
東京都,大田区,南久が原
東京都,大田区,南千束
東京都,大田区,南馬込
東京都,大田区,南雪谷
東京都,大田区,南六郷
東京都,大田区,矢口
東京都,大田区,雪谷大塚町
東京都,世田谷区,赤堤
東京都,世田谷区,池尻
東京都,世田谷区,宇奈根
東京都,世田谷区,梅丘
東京都,世田谷区,大蔵
東京都,世田谷区,大原
東京都,世田谷区,岡本
東京都,世田谷区,奥沢
東京都,世田谷区,尾山台
東京都,世田谷区,粕谷
東京都,世田谷区,鎌田
東京都,世田谷区,上馬
東京都,世田谷区,上北沢
東京都,世田谷区,上祖師谷
東京都,世田谷区,上野毛
東京都,世田谷区,上用賀
東京都,世田谷区,北烏山
東京都,世田谷区,北沢
東京都,世田谷区,喜多見
東京都,世田谷区,砧
東京都,世田谷区,砧公園
東京都,世田谷区,給田
東京都,世田谷区,経堂
東京都,世田谷区,豪徳寺
東京都,世田谷区,駒沢
東京都,世田谷区,駒沢公園
東京都,世田谷区,桜
東京都,世田谷区,桜丘
東京都,世田谷区,桜新町
東京都,世田谷区,桜上水
東京都,世田谷区,三軒茶屋
東京都,世田谷区,下馬
東京都,世田谷区,新町
東京都,世田谷区,成城
東京都,世田谷区,瀬田
東京都,世田谷区,世田谷
東京都,世田谷区,祖師谷
東京都,世田谷区,太子堂
東京都,世田谷区,代沢
東京都,世田谷区,代田
東京都,世田谷区,玉川
東京都,世田谷区,玉川台
東京都,世田谷区,玉川田園調布
東京都,世田谷区,玉堤
東京都,世田谷区,千歳台
東京都,世田谷区,弦巻
東京都,世田谷区,等々力
東京都,世田谷区,中町
東京都,世田谷区,野毛
東京都,世田谷区,野沢
東京都,世田谷区,八幡山
東京都,世田谷区,羽根木
東京都,世田谷区,東玉川
東京都,世田谷区,深沢
東京都,世田谷区,船橋
東京都,世田谷区,松原
東京都,世田谷区,三宿
東京都,世田谷区,南烏山
東京都,世田谷区,宮坂
東京都,世田谷区,用賀
東京都,世田谷区,若林
東京都,渋谷区,上原
東京都,渋谷区,鶯谷町
東京都,渋谷区,宇田川町
東京都,渋谷区,恵比寿（次のビルを除く）
東京都,渋谷区,恵比寿恵比寿ガーデンプレイス（地階・階層不明）
東京都,渋谷区,恵比寿恵比寿ガーデンプレイス（１階）
東京都,渋谷区,恵比寿恵比寿ガーデンプレイス（２階）
東京都,渋谷区,恵比寿恵比寿ガーデンプレイス（３階）
東京都,渋谷区,恵比寿恵比寿ガーデンプレイス（４階）
東京都,渋谷区,恵比寿恵比寿ガーデンプレイス（５階）
東京都,渋谷区,恵比寿恵比寿ガーデンプレイス（６階）
東京都,渋谷区,恵比寿恵比寿ガーデンプレイス（７階）
東京都,渋谷区,恵比寿恵比寿ガーデンプレイス（８階）
東京都,渋谷区,恵比寿恵比寿ガーデンプレイス（９階）
東京都,渋谷区,恵比寿恵比寿ガーデンプレイス（１０階）
東京都,渋谷区,恵比寿恵比寿ガーデンプレイス（１１階）
東京都,渋谷区,恵比寿恵比寿ガーデンプレイス（１２階）
東京都,渋谷区,恵比寿恵比寿ガーデンプレイス（１３階）
東京都,渋谷区,恵比寿恵比寿ガーデンプレイス（１４階）
東京都,渋谷区,恵比寿恵比寿ガーデンプレイス（１５階）
東京都,渋谷区,恵比寿恵比寿ガーデンプレイス（１６階）
東京都,渋谷区,恵比寿恵比寿ガーデンプレイス（１７階）
東京都,渋谷区,恵比寿恵比寿ガーデンプレイス（１８階）
東京都,渋谷区,恵比寿恵比寿ガーデンプレイス（１９階）
東京都,渋谷区,恵比寿恵比寿ガーデンプレイス（２０階）
東京都,渋谷区,恵比寿恵比寿ガーデンプレイス（２１階）
東京都,渋谷区,恵比寿恵比寿ガーデンプレイス（２２階）
東京都,渋谷区,恵比寿恵比寿ガーデンプレイス（２３階）
東京都,渋谷区,恵比寿恵比寿ガーデンプレイス（２４階）
東京都,渋谷区,恵比寿恵比寿ガーデンプレイス（２５階）
東京都,渋谷区,恵比寿恵比寿ガーデンプレイス（２６階）
東京都,渋谷区,恵比寿恵比寿ガーデンプレイス（２７階）
東京都,渋谷区,恵比寿恵比寿ガーデンプレイス（２８階）
東京都,渋谷区,恵比寿恵比寿ガーデンプレイス（２９階）
東京都,渋谷区,恵比寿恵比寿ガーデンプレイス（３０階）
東京都,渋谷区,恵比寿恵比寿ガーデンプレイス（３１階）
東京都,渋谷区,恵比寿恵比寿ガーデンプレイス（３２階）
東京都,渋谷区,恵比寿恵比寿ガーデンプレイス（３３階）
東京都,渋谷区,恵比寿恵比寿ガーデンプレイス（３４階）
東京都,渋谷区,恵比寿恵比寿ガーデンプレイス（３５階）
東京都,渋谷区,恵比寿恵比寿ガーデンプレイス（３６階）
東京都,渋谷区,恵比寿恵比寿ガーデンプレイス（３７階）
東京都,渋谷区,恵比寿恵比寿ガーデンプレイス（３８階）
東京都,渋谷区,恵比寿恵比寿ガーデンプレイス（３９階）
東京都,渋谷区,恵比寿西
東京都,渋谷区,恵比寿南
東京都,渋谷区,大山町
東京都,渋谷区,神山町
東京都,渋谷区,桜丘町
東京都,渋谷区,笹塚
東京都,渋谷区,猿楽町
東京都,渋谷区,渋谷
東京都,渋谷区,松濤
東京都,渋谷区,神宮前
東京都,渋谷区,神泉町
東京都,渋谷区,神南
東京都,渋谷区,千駄ヶ谷
東京都,渋谷区,代官山町
東京都,渋谷区,道玄坂
東京都,渋谷区,富ヶ谷
東京都,渋谷区,南平台町
東京都,渋谷区,西原
東京都,渋谷区,幡ヶ谷
東京都,渋谷区,鉢山町
東京都,渋谷区,初台
東京都,渋谷区,東
東京都,渋谷区,広尾
東京都,渋谷区,本町
東京都,渋谷区,円山町
東京都,渋谷区,元代々木町
東京都,渋谷区,代々木
東京都,渋谷区,代々木神園町
東京都,中野区,新井
東京都,中野区,江古田
東京都,中野区,江原町
東京都,中野区,上鷺宮
東京都,中野区,上高田
東京都,中野区,鷺宮
東京都,中野区,白鷺
東京都,中野区,中央
東京都,中野区,中野
東京都,中野区,沼袋
東京都,中野区,野方
東京都,中野区,東中野
東京都,中野区,本町
東京都,中野区,松が丘
東京都,中野区,丸山
東京都,中野区,南台
東京都,中野区,大和町
東京都,中野区,弥生町
東京都,中野区,若宮
東京都,杉並区,阿佐谷南
東京都,杉並区,阿佐谷北
東京都,杉並区,天沼
東京都,杉並区,井草
東京都,杉並区,和泉
東京都,杉並区,今川
東京都,杉並区,梅里
東京都,杉並区,永福
東京都,杉並区,大宮
東京都,杉並区,荻窪
東京都,杉並区,上井草
東京都,杉並区,上荻
東京都,杉並区,上高井戸
東京都,杉並区,久我山
東京都,杉並区,高円寺南
東京都,杉並区,高円寺北
東京都,杉並区,清水
東京都,杉並区,下井草
東京都,杉並区,下高井戸
東京都,杉並区,松庵
東京都,杉並区,善福寺
東京都,杉並区,高井戸東
東京都,杉並区,高井戸西
東京都,杉並区,成田東
東京都,杉並区,成田西
東京都,杉並区,西荻南
東京都,杉並区,西荻北
東京都,杉並区,浜田山
東京都,杉並区,方南
東京都,杉並区,堀ノ内
東京都,杉並区,本天沼
東京都,杉並区,松ノ木
東京都,杉並区,南荻窪
東京都,杉並区,宮前
東京都,杉並区,桃井
東京都,杉並区,和田
東京都,豊島区,池袋（１丁目）
東京都,豊島区,池袋（２〜４丁目）
東京都,豊島区,池袋本町
東京都,豊島区,要町
東京都,豊島区,上池袋
東京都,豊島区,北大塚
東京都,豊島区,駒込
東京都,豊島区,巣鴨
東京都,豊島区,千川
東京都,豊島区,雑司が谷
東京都,豊島区,高田
東京都,豊島区,高松
東京都,豊島区,千早
東京都,豊島区,長崎
東京都,豊島区,西池袋
東京都,豊島区,西巣鴨
東京都,豊島区,東池袋（次のビルを除く）
東京都,豊島区,東池袋サンシャイン６０（地階・階層不明）
東京都,豊島区,東池袋サンシャイン６０（１階）
東京都,豊島区,東池袋サンシャイン６０（２階）
東京都,豊島区,東池袋サンシャイン６０（３階）
東京都,豊島区,東池袋サンシャイン６０（４階）
東京都,豊島区,東池袋サンシャイン６０（５階）
東京都,豊島区,東池袋サンシャイン６０（６階）
東京都,豊島区,東池袋サンシャイン６０（７階）
東京都,豊島区,東池袋サンシャイン６０（８階）
東京都,豊島区,東池袋サンシャイン６０（９階）
東京都,豊島区,東池袋サンシャイン６０（１０階）
東京都,豊島区,東池袋サンシャイン６０（１１階）
東京都,豊島区,東池袋サンシャイン６０（１２階）
東京都,豊島区,東池袋サンシャイン６０（１３階）
東京都,豊島区,東池袋サンシャイン６０（１４階）
東京都,豊島区,東池袋サンシャイン６０（１５階）
東京都,豊島区,東池袋サンシャイン６０（１６階）
東京都,豊島区,東池袋サンシャイン６０（１７階）
東京都,豊島区,東池袋サンシャイン６０（１８階）
東京都,豊島区,東池袋サンシャイン６０（１９階）
東京都,豊島区,東池袋サンシャイン６０（２０階）
東京都,豊島区,東池袋サンシャイン６０（２１階）
東京都,豊島区,東池袋サンシャイン６０（２２階）
東京都,豊島区,東池袋サンシャイン６０（２３階）
東京都,豊島区,東池袋サンシャイン６０（２４階）
東京都,豊島区,東池袋サンシャイン６０（２５階）
東京都,豊島区,東池袋サンシャイン６０（２６階）
東京都,豊島区,東池袋サンシャイン６０（２７階）
東京都,豊島区,東池袋サンシャイン６０（２８階）
東京都,豊島区,東池袋サンシャイン６０（２９階）
東京都,豊島区,東池袋サンシャイン６０（３０階）
東京都,豊島区,東池袋サンシャイン６０（３１階）
東京都,豊島区,東池袋サンシャイン６０（３２階）
東京都,豊島区,東池袋サンシャイン６０（３３階）
東京都,豊島区,東池袋サンシャイン６０（３４階）
東京都,豊島区,東池袋サンシャイン６０（３５階）
東京都,豊島区,東池袋サンシャイン６０（３６階）
東京都,豊島区,東池袋サンシャイン６０（３７階）
東京都,豊島区,東池袋サンシャイン６０（３８階）
東京都,豊島区,東池袋サンシャイン６０（３９階）
東京都,豊島区,東池袋サンシャイン６０（４０階）
東京都,豊島区,東池袋サンシャイン６０（４１階）
東京都,豊島区,東池袋サンシャイン６０（４２階）
東京都,豊島区,東池袋サンシャイン６０（４３階）
東京都,豊島区,東池袋サンシャイン６０（４４階）
東京都,豊島区,東池袋サンシャイン６０（４５階）
東京都,豊島区,東池袋サンシャイン６０（４６階）
東京都,豊島区,東池袋サンシャイン６０（４７階）
東京都,豊島区,東池袋サンシャイン６０（４８階）
東京都,豊島区,東池袋サンシャイン６０（４９階）
東京都,豊島区,東池袋サンシャイン６０（５０階）
東京都,豊島区,東池袋サンシャイン６０（５１階）
東京都,豊島区,東池袋サンシャイン６０（５２階）
東京都,豊島区,東池袋サンシャイン６０（５３階）
東京都,豊島区,東池袋サンシャイン６０（５４階）
東京都,豊島区,東池袋サンシャイン６０（５５階）
東京都,豊島区,東池袋サンシャイン６０（５６階）
東京都,豊島区,東池袋サンシャイン６０（５７階）
東京都,豊島区,東池袋サンシャイン６０（５８階）
東京都,豊島区,東池袋サンシャイン６０（５９階）
東京都,豊島区,東池袋サンシャイン６０（６０階）
東京都,豊島区,南池袋
東京都,豊島区,南大塚
東京都,豊島区,南長崎
東京都,豊島区,目白
東京都,北区,赤羽
東京都,北区,赤羽台
東京都,北区,赤羽西
東京都,北区,赤羽南
東京都,北区,赤羽北
東京都,北区,岩淵町
東京都,北区,浮間
東京都,北区,王子
東京都,北区,王子本町
東京都,北区,上十条
東京都,北区,上中里
東京都,北区,神谷
東京都,北区,岸町
東京都,北区,桐ケ丘
東京都,北区,栄町
東京都,北区,志茂
東京都,北区,十条台
東京都,北区,十条仲原
東京都,北区,昭和町
東京都,北区,滝野川
東京都,北区,田端
東京都,北区,田端新町
東京都,北区,豊島
東京都,北区,中里
東京都,北区,中十条
東京都,北区,西が丘
東京都,北区,西ケ原
東京都,北区,東十条
東京都,北区,東田端
東京都,北区,堀船
東京都,荒川区,荒川
東京都,荒川区,西尾久
東京都,荒川区,西日暮里
東京都,荒川区,東尾久
東京都,荒川区,東日暮里
東京都,荒川区,町屋
東京都,荒川区,南千住
東京都,板橋区,相生町
東京都,板橋区,赤塚
東京都,板橋区,赤塚新町
東京都,板橋区,小豆沢
東京都,板橋区,泉町
東京都,板橋区,板橋
東京都,板橋区,稲荷台
東京都,板橋区,大原町
東京都,板橋区,大谷口
東京都,板橋区,大谷口上町
東京都,板橋区,大谷口北町
東京都,板橋区,大山金井町
東京都,板橋区,大山東町
東京都,板橋区,大山西町
東京都,板橋区,大山町
東京都,板橋区,加賀
東京都,板橋区,上板橋
東京都,板橋区,熊野町
東京都,板橋区,小茂根
東京都,板橋区,幸町
東京都,板橋区,栄町
東京都,板橋区,坂下
東京都,板橋区,桜川
東京都,板橋区,清水町
東京都,板橋区,志村
東京都,板橋区,新河岸
東京都,板橋区,大門
東京都,板橋区,高島平
東京都,板橋区,東新町
東京都,板橋区,常盤台
東京都,板橋区,徳丸
東京都,板橋区,中板橋
東京都,板橋区,仲宿
東京都,板橋区,中台
東京都,板橋区,仲町
東京都,板橋区,中丸町
東京都,板橋区,成増
東京都,板橋区,西台（１丁目）
東京都,板橋区,西台（２〜４丁目）
東京都,板橋区,蓮沼町
東京都,板橋区,蓮根
東京都,板橋区,氷川町
東京都,板橋区,東坂下
東京都,板橋区,東山町
東京都,板橋区,富士見町
東京都,板橋区,双葉町
東京都,板橋区,舟渡
東京都,板橋区,本町
東京都,板橋区,前野町
東京都,板橋区,三園
東京都,板橋区,南町
東京都,板橋区,南常盤台
東京都,板橋区,宮本町
東京都,板橋区,向原
東京都,板橋区,大和町
東京都,板橋区,弥生町
東京都,板橋区,四葉
東京都,板橋区,若木
東京都,練馬区,旭丘
東京都,練馬区,旭町
東京都,練馬区,大泉学園町
東京都,練馬区,大泉町
東京都,練馬区,春日町
東京都,練馬区,上石神井
東京都,練馬区,上石神井南町
東京都,練馬区,北町
東京都,練馬区,向山
東京都,練馬区,小竹町
東京都,練馬区,栄町
東京都,練馬区,桜台
東京都,練馬区,下石神井
東京都,練馬区,石神井台
東京都,練馬区,石神井町
東京都,練馬区,関町東
東京都,練馬区,関町南
東京都,練馬区,関町北
東京都,練馬区,高野台
東京都,練馬区,高松
東京都,練馬区,田柄
東京都,練馬区,立野町
東京都,練馬区,土支田
東京都,練馬区,豊玉上
東京都,練馬区,豊玉中
東京都,練馬区,豊玉南
東京都,練馬区,豊玉北
東京都,練馬区,中村
東京都,練馬区,中村南
東京都,練馬区,中村北
東京都,練馬区,西大泉
東京都,練馬区,西大泉町
東京都,練馬区,錦
東京都,練馬区,貫井
東京都,練馬区,練馬
東京都,練馬区,羽沢
東京都,練馬区,早宮
東京都,練馬区,光が丘
東京都,練馬区,氷川台
東京都,練馬区,東大泉
東京都,練馬区,富士見台
東京都,練馬区,平和台
東京都,練馬区,南大泉
東京都,練馬区,南田中
東京都,練馬区,三原台
東京都,練馬区,谷原
東京都,足立区,青井（１〜３丁目）
東京都,足立区,青井（４〜６丁目）
東京都,足立区,足立
東京都,足立区,綾瀬
東京都,足立区,伊興
東京都,足立区,伊興本町
東京都,足立区,入谷
東京都,足立区,入谷町
東京都,足立区,梅島
東京都,足立区,梅田
東京都,足立区,扇
東京都,足立区,大谷田
東京都,足立区,興野
東京都,足立区,小台
東京都,足立区,加賀
東京都,足立区,加平
東京都,足立区,北加平町
東京都,足立区,栗原
東京都,足立区,弘道
東京都,足立区,江北
東京都,足立区,古千谷
東京都,足立区,古千谷本町
東京都,足立区,佐野
東京都,足立区,皿沼
東京都,足立区,鹿浜
東京都,足立区,島根
東京都,足立区,新田
東京都,足立区,神明
東京都,足立区,神明南
東京都,足立区,関原
東京都,足立区,千住
東京都,足立区,千住曙町
東京都,足立区,千住旭町
東京都,足立区,千住東
東京都,足立区,千住大川町
東京都,足立区,千住河原町
東京都,足立区,千住寿町
東京都,足立区,千住桜木
東京都,足立区,千住関屋町
東京都,足立区,千住龍田町
東京都,足立区,千住中居町
東京都,足立区,千住仲町
東京都,足立区,千住橋戸町
東京都,足立区,千住緑町
東京都,足立区,千住宮元町
東京都,足立区,千住元町
東京都,足立区,千住柳町
東京都,足立区,竹の塚
東京都,足立区,辰沼
東京都,足立区,中央本町（１、２丁目）
東京都,足立区,中央本町（３〜５丁目）
東京都,足立区,椿
東京都,足立区,東和
東京都,足立区,舎人
東京都,足立区,舎人公園
東京都,足立区,舎人町
東京都,足立区,中川
東京都,足立区,西綾瀬
東京都,足立区,西新井
東京都,足立区,西新井栄町
東京都,足立区,西新井本町
東京都,足立区,西伊興
東京都,足立区,西伊興町
東京都,足立区,西加平
東京都,足立区,西竹の塚
東京都,足立区,西保木間
東京都,足立区,花畑
東京都,足立区,東綾瀬
東京都,足立区,東伊興
東京都,足立区,東保木間
東京都,足立区,東六月町
東京都,足立区,一ツ家
東京都,足立区,日ノ出町
東京都,足立区,平野
東京都,足立区,保木間
東京都,足立区,保塚町
東京都,足立区,堀之内
東京都,足立区,南花畑
東京都,足立区,宮城
東京都,足立区,六木
東京都,足立区,本木
東京都,足立区,本木東町
東京都,足立区,本木西町
東京都,足立区,本木南町
東京都,足立区,本木北町
東京都,足立区,谷在家
東京都,足立区,谷中
東京都,足立区,柳原
東京都,足立区,六月
東京都,足立区,六町
東京都,葛飾区,青戸
東京都,葛飾区,奥戸
東京都,葛飾区,お花茶屋
東京都,葛飾区,金町
東京都,葛飾区,金町浄水場
東京都,葛飾区,鎌倉
東京都,葛飾区,亀有
東京都,葛飾区,小菅
東京都,葛飾区,柴又
東京都,葛飾区,白鳥
東京都,葛飾区,新小岩
東京都,葛飾区,高砂
東京都,葛飾区,宝町
東京都,葛飾区,立石
東京都,葛飾区,新宿
東京都,葛飾区,西亀有（１、２丁目）
東京都,葛飾区,西亀有（３、４丁目）
東京都,葛飾区,西新小岩
東京都,葛飾区,西水元
東京都,葛飾区,東金町
東京都,葛飾区,東新小岩
東京都,葛飾区,東立石
東京都,葛飾区,東堀切
東京都,葛飾区,東水元
東京都,葛飾区,東四つ木
東京都,葛飾区,細田
東京都,葛飾区,堀切
東京都,葛飾区,水元
東京都,葛飾区,水元公園
東京都,葛飾区,南水元
東京都,葛飾区,四つ木
東京都,江戸川区,一之江
東京都,江戸川区,一之江町
東京都,江戸川区,宇喜田町
東京都,江戸川区,江戸川（１〜３丁目、４丁目１〜１４番）
東京都,江戸川区,江戸川（その他）
東京都,江戸川区,大杉
東京都,江戸川区,興宮町
東京都,江戸川区,上一色
東京都,江戸川区,上篠崎
東京都,江戸川区,北葛西
東京都,江戸川区,北小岩
東京都,江戸川区,北篠崎
東京都,江戸川区,小松川
東京都,江戸川区,鹿骨
東京都,江戸川区,鹿骨町
東京都,江戸川区,篠崎町
東京都,江戸川区,下篠崎町
東京都,江戸川区,清新町
東京都,江戸川区,中央
東京都,江戸川区,中葛西
東京都,江戸川区,新堀
東京都,江戸川区,西一之江
東京都,江戸川区,西葛西
東京都,江戸川区,西小岩
東京都,江戸川区,西小松川町
東京都,江戸川区,西篠崎
東京都,江戸川区,西瑞江（２〜３丁目、４丁目３〜９番）
東京都,江戸川区,西瑞江（４丁目１〜２番・１０〜２７番、５丁目）
東京都,江戸川区,二之江町
東京都,江戸川区,春江町（１〜３丁目）
東京都,江戸川区,春江町（４、５丁目）
東京都,江戸川区,東葛西
東京都,江戸川区,東小岩
東京都,江戸川区,東小松川
東京都,江戸川区,東篠崎
東京都,江戸川区,東篠崎町
東京都,江戸川区,東松本
東京都,江戸川区,東瑞江
東京都,江戸川区,平井
東京都,江戸川区,船堀
東京都,江戸川区,本一色
東京都,江戸川区,松江
東京都,江戸川区,松島
東京都,江戸川区,松本
東京都,江戸川区,瑞江
東京都,江戸川区,南葛西
東京都,江戸川区,南小岩
東京都,江戸川区,南篠崎町
東京都,江戸川区,谷河内（１丁目）
東京都,江戸川区,谷河内（２丁目）
東京都,江戸川区,臨海町
東京都,八王子市,暁町
東京都,八王子市,旭町
東京都,八王子市,東町
東京都,八王子市,石川町
東京都,八王子市,泉町
東京都,八王子市,犬目町
東京都,八王子市,上野町
東京都,八王子市,打越町
東京都,八王子市,宇津木町
東京都,八王子市,宇津貫町
東京都,八王子市,梅坪町
東京都,八王子市,裏高尾町
東京都,八王子市,追分町
東京都,八王子市,大塚
東京都,八王子市,大船町
東京都,八王子市,大谷町
東京都,八王子市,大横町
東京都,八王子市,大和田町
東京都,八王子市,小門町
東京都,八王子市,尾崎町
東京都,八王子市,小津町
東京都,八王子市,鹿島
東京都,八王子市,加住町
東京都,八王子市,片倉町
東京都,八王子市,叶谷町
東京都,八王子市,上壱分方町
東京都,八王子市,上恩方町
東京都,八王子市,上川町
東京都,八王子市,上柚木
東京都,八王子市,川口町
東京都,八王子市,川町
東京都,八王子市,北野台
東京都,八王子市,北野町
東京都,八王子市,絹ケ丘
東京都,八王子市,清川町
東京都,八王子市,椚田町
東京都,八王子市,久保山町
東京都,八王子市,越野
東京都,八王子市,小比企町
東京都,八王子市,小宮町
東京都,八王子市,子安町
東京都,八王子市,左入町
東京都,八王子市,散田町
東京都,八王子市,下恩方町
東京都,八王子市,下柚木
東京都,八王子市,城山手
東京都,八王子市,新町
東京都,八王子市,諏訪町
東京都,八王子市,千人町
東京都,八王子市,台町
東京都,八王子市,大楽寺町
東京都,八王子市,平町
東京都,八王子市,高尾町
東京都,八王子市,高倉町
東京都,八王子市,高月町
東京都,八王子市,滝山町
東京都,八王子市,館町
東京都,八王子市,田町
東京都,八王子市,丹木町
東京都,八王子市,寺田町
東京都,八王子市,寺町
東京都,八王子市,天神町
東京都,八王子市,廿里町
東京都,八王子市,戸吹町
東京都,八王子市,中町
東京都,八王子市,中野上町
東京都,八王子市,中野山王
東京都,八王子市,中野町
東京都,八王子市,中山
東京都,八王子市,長沼町
東京都,八王子市,長房町
東京都,八王子市,七国
東京都,八王子市,並木町
東京都,八王子市,楢原町
東京都,八王子市,南陽台
東京都,八王子市,西浅川町
東京都,八王子市,西片倉
東京都,八王子市,西寺方町
東京都,八王子市,弐分方町
東京都,八王子市,狭間町
東京都,八王子市,八幡町
東京都,八王子市,初沢町
東京都,八王子市,東浅川町
東京都,八王子市,東中野
東京都,八王子市,兵衛
東京都,八王子市,日吉町
東京都,八王子市,平岡町
東京都,八王子市,富士見町
東京都,八王子市,別所
東京都,八王子市,堀之内
東京都,八王子市,本郷町
東京都,八王子市,本町
東京都,八王子市,松が谷
東京都,八王子市,松木
東京都,八王子市,丸山町
東京都,八王子市,三崎町
東京都,八王子市,みつい台
東京都,八王子市,緑町
東京都,八王子市,南浅川町
東京都,八王子市,南大沢
東京都,八王子市,南新町
東京都,八王子市,南町
東京都,八王子市,みなみ野
東京都,八王子市,宮下町
東京都,八王子市,美山町
東京都,八王子市,明神町
東京都,八王子市,めじろ台
東京都,八王子市,元八王子町
東京都,八王子市,元本郷町
東京都,八王子市,元横山町
東京都,八王子市,八木町
東京都,八王子市,谷野町
東京都,八王子市,山田町
東京都,八王子市,鑓水
東京都,八王子市,八日町
東京都,八王子市,横川町
東京都,八王子市,横山町
東京都,八王子市,四谷町
東京都,八王子市,万町
東京都,立川市,曙町
東京都,立川市,泉町
東京都,立川市,一番町
東京都,立川市,柏町
東京都,立川市,上砂町
東京都,立川市,幸町
東京都,立川市,栄町
東京都,立川市,柴崎町
東京都,立川市,砂川町
東京都,立川市,高松町
東京都,立川市,錦町
東京都,立川市,西砂町
東京都,立川市,羽衣町
東京都,立川市,富士見町
東京都,立川市,緑町
東京都,立川市,若葉町
東京都,武蔵野市,吉祥寺本町
東京都,武蔵野市,吉祥寺東町
東京都,武蔵野市,吉祥寺南町
東京都,武蔵野市,吉祥寺北町
東京都,武蔵野市,境南町
東京都,武蔵野市,御殿山
東京都,武蔵野市,境
東京都,武蔵野市,桜堤
東京都,武蔵野市,関前
東京都,武蔵野市,中町
東京都,武蔵野市,西久保
東京都,武蔵野市,緑町
東京都,武蔵野市,八幡町
東京都,三鷹市,井口
東京都,三鷹市,井の頭
東京都,三鷹市,大沢
東京都,三鷹市,上連雀
東京都,三鷹市,北野
東京都,三鷹市,下連雀
東京都,三鷹市,新川
東京都,三鷹市,深大寺
東京都,三鷹市,中原
東京都,三鷹市,野崎
東京都,三鷹市,牟礼
東京都,青梅市,天ケ瀬町
東京都,青梅市,今井
東京都,青梅市,今寺
東京都,青梅市,裏宿町
東京都,青梅市,大柳町
東京都,青梅市,小曾木
東京都,青梅市,勝沼
東京都,青梅市,河辺町
東京都,青梅市,上町
東京都,青梅市,木野下
東京都,青梅市,黒沢
東京都,青梅市,駒木町
東京都,青梅市,沢井
東京都,青梅市,塩船
東京都,青梅市,新町
東京都,青梅市,末広町
東京都,青梅市,住江町
東京都,青梅市,大門
東京都,青梅市,滝ノ上町
東京都,青梅市,千ケ瀬町
東京都,青梅市,富岡
東京都,青梅市,友田町
東京都,青梅市,仲町
東京都,青梅市,長淵
東京都,青梅市,成木
東京都,青梅市,西分町
東京都,青梅市,根ケ布
東京都,青梅市,野上町
東京都,青梅市,梅郷
東京都,青梅市,畑中
東京都,青梅市,東青梅
東京都,青梅市,日向和田
東京都,青梅市,吹上
東京都,青梅市,藤橋
東京都,青梅市,二俣尾
東京都,青梅市,本町
東京都,青梅市,御岳
東京都,青梅市,御岳山
東京都,青梅市,御岳本町
東京都,青梅市,森下町
東京都,青梅市,師岡町
東京都,青梅市,谷野
東京都,青梅市,柚木町
東京都,青梅市,和田町
東京都,府中市,朝日町
東京都,府中市,押立町
東京都,府中市,片町
東京都,府中市,北山町
東京都,府中市,寿町
東京都,府中市,小柳町
東京都,府中市,是政
東京都,府中市,幸町
東京都,府中市,栄町
東京都,府中市,清水が丘
東京都,府中市,白糸台
東京都,府中市,新町
東京都,府中市,住吉町
東京都,府中市,浅間町
東京都,府中市,多磨町
東京都,府中市,天神町
東京都,府中市,東芝町
東京都,府中市,西原町
東京都,府中市,西府町
東京都,府中市,日鋼町
東京都,府中市,日新町
東京都,府中市,八幡町
東京都,府中市,晴見町
東京都,府中市,日吉町
東京都,府中市,府中町
東京都,府中市,分梅町
東京都,府中市,本宿町
東京都,府中市,本町
東京都,府中市,緑町
東京都,府中市,南町
東京都,府中市,宮西町
東京都,府中市,宮町
東京都,府中市,美好町
東京都,府中市,武蔵台
東京都,府中市,紅葉丘
東京都,府中市,矢崎町
東京都,府中市,四谷
東京都,府中市,若松町
東京都,昭島市,朝日町
東京都,昭島市,東町
東京都,昭島市,大神町
東京都,昭島市,郷地町
東京都,昭島市,上川原町
東京都,昭島市,昭和町
東京都,昭島市,田中町
東京都,昭島市,玉川町
東京都,昭島市,築地町
東京都,昭島市,つつじが丘
東京都,昭島市,中神町
東京都,昭島市,拝島町
東京都,昭島市,福島町
東京都,昭島市,松原町
東京都,昭島市,緑町
東京都,昭島市,美堀町
東京都,昭島市,宮沢町
東京都,昭島市,武蔵野
東京都,調布市,入間町
東京都,調布市,上石原
東京都,調布市,菊野台
東京都,調布市,国領町
東京都,調布市,小島町
東京都,調布市,佐須町
東京都,調布市,柴崎
東京都,調布市,下石原
東京都,調布市,深大寺東町
東京都,調布市,深大寺南町
東京都,調布市,深大寺北町
東京都,調布市,深大寺元町
東京都,調布市,仙川町
東京都,調布市,染地
東京都,調布市,多摩川
東京都,調布市,調布ケ丘
東京都,調布市,飛田給
東京都,調布市,西つつじケ丘
東京都,調布市,西町
東京都,調布市,野水
東京都,調布市,東つつじケ丘
東京都,調布市,富士見町
東京都,調布市,布田
東京都,調布市,緑ケ丘
東京都,調布市,八雲台
東京都,調布市,若葉町
東京都,町田市,相原町
東京都,町田市,旭町
東京都,町田市,大蔵町
東京都,町田市,小川
東京都,町田市,小野路町
東京都,町田市,小山ケ丘
東京都,町田市,小山田桜台
東京都,町田市,小山町
東京都,町田市,金井
東京都,町田市,金井町
東京都,町田市,金森
東京都,町田市,上小山田町
東京都,町田市,木曽西
東京都,町田市,木曽東
東京都,町田市,木曽町
東京都,町田市,高ケ坂
東京都,町田市,下小山田町
東京都,町田市,真光寺
東京都,町田市,真光寺町
東京都,町田市,図師町
東京都,町田市,忠生
東京都,町田市,玉川学園
東京都,町田市,つくし野
東京都,町田市,鶴川
東京都,町田市,鶴間
東京都,町田市,常盤町
東京都,町田市,中町
東京都,町田市,成瀬
東京都,町田市,成瀬が丘
東京都,町田市,成瀬台
東京都,町田市,根岸
東京都,町田市,根岸町
東京都,町田市,能ケ谷町
東京都,町田市,野津田町
東京都,町田市,原町田
東京都,町田市,東玉川学園
東京都,町田市,広袴
東京都,町田市,広袴町
東京都,町田市,本町田
東京都,町田市,南大谷
東京都,町田市,南つくし野
東京都,町田市,南成瀬
東京都,町田市,三輪町
東京都,町田市,三輪緑山
東京都,町田市,森野
東京都,町田市,薬師台
東京都,町田市,矢部町
東京都,町田市,山崎
東京都,町田市,山崎町
東京都,小金井市,梶野町
東京都,小金井市,桜町
東京都,小金井市,関野町
東京都,小金井市,中町
東京都,小金井市,貫井南町
東京都,小金井市,貫井北町
東京都,小金井市,東町
東京都,小金井市,本町
東京都,小金井市,前原町
東京都,小金井市,緑町
東京都,小平市,大沼町
東京都,小平市,小川東町
東京都,小平市,小川西町
東京都,小平市,小川町
東京都,小平市,学園東町
東京都,小平市,学園西町
東京都,小平市,喜平町
東京都,小平市,栄町
東京都,小平市,上水新町
東京都,小平市,上水本町
東京都,小平市,上水南町
東京都,小平市,鈴木町
東京都,小平市,たかの台
東京都,小平市,津田町
東京都,小平市,天神町
東京都,小平市,中島町
東京都,小平市,仲町
東京都,小平市,花小金井
東京都,小平市,花小金井南町
東京都,小平市,美園町
東京都,小平市,御幸町
東京都,小平市,回田町
東京都,日野市,旭が丘
東京都,日野市,新井
東京都,日野市,石田
東京都,日野市,大坂上
東京都,日野市,落川
東京都,日野市,上田
東京都,日野市,川辺堀之内
東京都,日野市,栄町
東京都,日野市,さくら町
東京都,日野市,下田
東京都,日野市,新町
東京都,日野市,神明
東京都,日野市,高幡
東京都,日野市,多摩平
東京都,日野市,豊田（大字）
東京都,日野市,豊田（丁目）
東京都,日野市,西平山
東京都,日野市,東豊田
東京都,日野市,東平山
東京都,日野市,日野
東京都,日野市,日野台
東京都,日野市,日野本町
東京都,日野市,平山
東京都,日野市,富士町
東京都,日野市,程久保
東京都,日野市,万願寺
東京都,日野市,三沢
東京都,日野市,南平
東京都,日野市,宮
東京都,日野市,百草
東京都,東村山市,青葉町
東京都,東村山市,秋津町
東京都,東村山市,恩多町
東京都,東村山市,久米川町
東京都,東村山市,栄町
東京都,東村山市,諏訪町
東京都,東村山市,多摩湖町
東京都,東村山市,野口町
東京都,東村山市,萩山町
東京都,東村山市,富士見町
東京都,東村山市,本町
東京都,東村山市,美住町
東京都,東村山市,廻田町
東京都,国分寺市,泉町
東京都,国分寺市,北町
東京都,国分寺市,新町
東京都,国分寺市,高木町
東京都,国分寺市,戸倉
東京都,国分寺市,内藤
東京都,国分寺市,並木町
東京都,国分寺市,西恋ケ窪
東京都,国分寺市,西町
東京都,国分寺市,西元町
東京都,国分寺市,光町
東京都,国分寺市,東恋ケ窪
東京都,国分寺市,東戸倉
東京都,国分寺市,東元町
東京都,国分寺市,日吉町
東京都,国分寺市,富士本
東京都,国分寺市,本多
東京都,国分寺市,本町
東京都,国分寺市,南町
東京都,国立市,青柳
東京都,国立市,石田
東京都,国立市,泉
東京都,国立市,北
東京都,国立市,中
東京都,国立市,西
東京都,国立市,東
東京都,国立市,富士見台
東京都,国立市,矢川
東京都,国立市,谷保
東京都,福生市,牛浜
東京都,福生市,加美平
東京都,福生市,北田園
東京都,福生市,熊川
東京都,福生市,熊川二宮
東京都,福生市,志茂
東京都,福生市,東町
東京都,福生市,福生
東京都,福生市,福生二宮
東京都,福生市,本町
東京都,福生市,南田園
東京都,福生市,武蔵野台
東京都,福生市,横田基地内
東京都,狛江市,和泉本町
東京都,狛江市,猪方
東京都,狛江市,岩戸南
東京都,狛江市,岩戸北
東京都,狛江市,駒井町
東京都,狛江市,中和泉
東京都,狛江市,西和泉
東京都,狛江市,西野川
東京都,狛江市,東和泉
東京都,狛江市,東野川
東京都,狛江市,元和泉
東京都,東大和市,芋窪
東京都,東大和市,上北台
東京都,東大和市,清原
東京都,東大和市,湖畔
東京都,東大和市,桜が丘
東京都,東大和市,狭山
東京都,東大和市,清水
東京都,東大和市,新堀
東京都,東大和市,蔵敷
東京都,東大和市,高木
東京都,東大和市,立野
東京都,東大和市,多摩湖
東京都,東大和市,中央
東京都,東大和市,仲原
東京都,東大和市,奈良橋
東京都,東大和市,南街
東京都,東大和市,向原
東京都,清瀬市,旭が丘
東京都,清瀬市,梅園
東京都,清瀬市,上清戸
東京都,清瀬市,下宿
東京都,清瀬市,下清戸
東京都,清瀬市,竹丘
東京都,清瀬市,中清戸
東京都,清瀬市,中里
東京都,清瀬市,野塩
東京都,清瀬市,松山
東京都,清瀬市,元町
東京都,東久留米市,上の原
東京都,東久留米市,学園町
東京都,東久留米市,金山町
東京都,東久留米市,小山
東京都,東久留米市,幸町
東京都,東久留米市,下里
東京都,東久留米市,新川町
東京都,東久留米市,神宝町
東京都,東久留米市,浅間町
東京都,東久留米市,大門町
東京都,東久留米市,滝山
東京都,東久留米市,中央町
東京都,東久留米市,野火止
東京都,東久留米市,八幡町
東京都,東久留米市,氷川台
東京都,東久留米市,東本町
東京都,東久留米市,ひばりが丘団地
東京都,東久留米市,本町
東京都,東久留米市,前沢
東京都,東久留米市,南沢
東京都,東久留米市,南町
東京都,東久留米市,柳窪
東京都,東久留米市,弥生
東京都,武蔵村山市,伊奈平
東京都,武蔵村山市,榎
東京都,武蔵村山市,大南
東京都,武蔵村山市,学園
東京都,武蔵村山市,岸
東京都,武蔵村山市,残堀
東京都,武蔵村山市,神明
東京都,武蔵村山市,中央
東京都,武蔵村山市,中藤
東京都,武蔵村山市,中原
東京都,武蔵村山市,本町
東京都,武蔵村山市,三ツ木（大字）
東京都,武蔵村山市,三ツ木（１〜５丁目）
東京都,武蔵村山市,三ツ藤
東京都,武蔵村山市,緑が丘
東京都,多摩市,愛宕
東京都,多摩市,一ノ宮
東京都,多摩市,落合
東京都,多摩市,落川
東京都,多摩市,貝取
東京都,多摩市,唐木田
東京都,多摩市,乞田
東京都,多摩市,桜ケ丘
東京都,多摩市,山王下
東京都,多摩市,諏訪
東京都,多摩市,関戸
東京都,多摩市,鶴牧
東京都,多摩市,豊ケ丘
東京都,多摩市,中沢
東京都,多摩市,永山
東京都,多摩市,東寺方
東京都,多摩市,聖ケ丘
東京都,多摩市,馬引沢
東京都,多摩市,南野
東京都,多摩市,百草
東京都,多摩市,連光寺
東京都,多摩市,和田
東京都,稲城市,大丸
東京都,稲城市,押立
東京都,稲城市,向陽台
東京都,稲城市,坂浜
東京都,稲城市,長峰
東京都,稲城市,東長沼
東京都,稲城市,平尾
東京都,稲城市,百村
東京都,稲城市,矢野口
東京都,稲城市,若葉台
東京都,羽村市,小作台
東京都,羽村市,川崎
東京都,羽村市,五ノ神
東京都,羽村市,栄町
東京都,羽村市,神明台
東京都,羽村市,玉川
東京都,羽村市,羽
東京都,羽村市,羽加美
東京都,羽村市,羽中
東京都,羽村市,羽東
東京都,羽村市,羽西
東京都,羽村市,富士見平
東京都,羽村市,双葉町
東京都,羽村市,緑ケ丘
東京都,あきる野市,秋川
東京都,あきる野市,秋留
東京都,あきる野市,網代
東京都,あきる野市,油平
東京都,あきる野市,雨間
東京都,あきる野市,五日市
東京都,あきる野市,伊奈
東京都,あきる野市,入野
東京都,あきる野市,上ノ台
東京都,あきる野市,牛沼
東京都,あきる野市,小川
東京都,あきる野市,小川東
東京都,あきる野市,乙津
東京都,あきる野市,上代継
東京都,あきる野市,切欠
東京都,あきる野市,草花
東京都,あきる野市,小中野
東京都,あきる野市,小峰台
東京都,あきる野市,小和田
東京都,あきる野市,三内
東京都,あきる野市,下代継
東京都,あきる野市,菅生
東京都,あきる野市,瀬戸岡
東京都,あきる野市,高尾
東京都,あきる野市,舘谷
東京都,あきる野市,舘谷台
東京都,あきる野市,戸倉
東京都,あきる野市,留原
東京都,あきる野市,二宮
東京都,あきる野市,二宮東
東京都,あきる野市,野辺
東京都,あきる野市,原小宮
東京都,あきる野市,引田
東京都,あきる野市,平沢
東京都,あきる野市,平沢西
東京都,あきる野市,平沢東
東京都,あきる野市,深沢
東京都,あきる野市,渕上
東京都,あきる野市,山田
東京都,あきる野市,養沢
東京都,あきる野市,横沢
東京都,西東京市,泉町
東京都,西東京市,北原町
東京都,西東京市,北町
東京都,西東京市,栄町
東京都,西東京市,芝久保町
東京都,西東京市,下保谷
東京都,西東京市,新町
東京都,西東京市,住吉町
東京都,西東京市,田無町
東京都,西東京市,中町
東京都,西東京市,西原町
東京都,西東京市,東町
東京都,西東京市,東伏見
東京都,西東京市,ひばりが丘
東京都,西東京市,ひばりが丘北
東京都,西東京市,富士町
東京都,西東京市,保谷町
東京都,西東京市,緑町
東京都,西東京市,南町
東京都,西東京市,向台町
東京都,西東京市,柳沢
東京都,西東京市,谷戸町
東京都,西多摩郡瑞穂町,石畑
東京都,西多摩郡瑞穂町,駒形富士山
東京都,西多摩郡瑞穂町,高根
東京都,西多摩郡瑞穂町,殿ケ谷
東京都,西多摩郡瑞穂町,長岡
東京都,西多摩郡瑞穂町,長岡下師岡
東京都,西多摩郡瑞穂町,長岡長谷部
東京都,西多摩郡瑞穂町,長岡藤橋
東京都,西多摩郡瑞穂町,二本木
東京都,西多摩郡瑞穂町,箱根ケ崎
東京都,西多摩郡瑞穂町,箱根ケ崎東松原
東京都,西多摩郡瑞穂町,箱根ケ崎西松原
東京都,西多摩郡瑞穂町,富士山栗原新田
東京都,西多摩郡瑞穂町,南平
東京都,西多摩郡瑞穂町,武蔵
東京都,西多摩郡瑞穂町,むさし野
東京都,西多摩郡日の出町,大久野
東京都,西多摩郡日の出町,平井
東京都,西多摩郡檜原村,小沢
東京都,西多摩郡檜原村,数馬
東京都,西多摩郡檜原村,神戸
東京都,西多摩郡檜原村,上元郷
東京都,西多摩郡檜原村,倉掛
東京都,西多摩郡檜原村,下元郷
東京都,西多摩郡檜原村,南郷
東京都,西多摩郡檜原村,樋里
東京都,西多摩郡檜原村,藤原
東京都,西多摩郡檜原村,人里
東京都,西多摩郡檜原村,三都郷
東京都,西多摩郡檜原村,本宿
東京都,西多摩郡奥多摩町,海沢
東京都,西多摩郡奥多摩町,梅沢
東京都,西多摩郡奥多摩町,大丹波
東京都,西多摩郡奥多摩町,川井
東京都,西多摩郡奥多摩町,川野
東京都,西多摩郡奥多摩町,河内
東京都,西多摩郡奥多摩町,小丹波
東京都,西多摩郡奥多摩町,境
東京都,西多摩郡奥多摩町,白丸
東京都,西多摩郡奥多摩町,棚沢
東京都,西多摩郡奥多摩町,丹三郎
東京都,西多摩郡奥多摩町,留浦
東京都,西多摩郡奥多摩町,日原
東京都,西多摩郡奥多摩町,原
東京都,西多摩郡奥多摩町,氷川
東京都,大島町,岡田
東京都,大島町,差木地
東京都,大島町,泉津
東京都,大島町,野増
東京都,大島町,波浮港
東京都,大島町,元町
東京都,利島村,利島村一円
東京都,新島村,式根島
東京都,新島村,本村
東京都,新島村,若郷
東京都,神津島村,神津島村一円
東京都,三宅島三宅村,阿古
東京都,三宅島三宅村,伊ケ谷
東京都,三宅島三宅村,伊豆
東京都,三宅島三宅村,雄山
東京都,三宅島三宅村,神着
東京都,三宅島三宅村,坪田
東京都,御蔵島村,御蔵島村一円
東京都,八丈島八丈町,大賀郷
東京都,八丈島八丈町,樫立
東京都,八丈島八丈町,末吉
東京都,八丈島八丈町,中之郷
東京都,八丈島八丈町,三根
東京都,青ヶ島村,青ヶ島村一円
東京都,小笠原村,父島
東京都,小笠原村,母島
