100797,県
98195,市
76088,町
27301,山
24584,郡
22364,田
20601,区
20358,川
19347,京
18562,大
17811,島
17323,北
17289,都
15036,岡
14453,東
14282,新
13008,二
12885,野
12286,福
11537,西
10565,上
10556,知
10369,中
10038,南
9767,海
9616,愛
9271,城
9150,道
8926,下
8440,宮
8153,原
8031,高
7643,長
7518,本
7444,崎
7202,三
6782,津
6666,井
6655,潟
6461,富
6163,木
6137,小
6016,賀
5879,（
5879,）
5775,松
5638,石
5490,千
5414,神
5400,兵
5363,庫
5296,阪
5286,和
4957,奈
4844,屋
4841,葉
4602,岐
4542,沢
4486,戸
4336,浜
4211,谷
4194,佐
4192,阜
4120,日
4052,村
4028,八
3996,森
3935,広
3914,岩
3872,玉
3842,内
3751,伊
3579,静
3571,古
3565,名
3554,豊
3520,口
3477,美
3471,青
3322,手
3283,良
3282,平
3223,い
3211,茨
3140,見
3112,吉
3097,埼
3096,江
3028,条
3024,場
3017,寺
3002,鹿
2952,秋
2945,熊
2928,前
2866,水
2833,が
2821,階
2781,重
2775,馬
2715,根
2688,河
2675,の
2609,分
2517,尾
2494,久
2463,鳥
2460,ー
2450,合
2419,形
2414,な
2376,常
2374,台
2336,ノ
2334,取
2288,沼
2285,白
2281,宿
2261,浦
2224,、
2215,橋
2208,通
2207,ケ
2200,歌
2186,生
2182,坂
2172,瀬
2149,里
2135,横
2106,多
2039,徳
2031,越
2021,に
2009,部
1995,栃
1982,倉
1962,１
1957,代
1930,以
1922,安
1905,載
1904,掲
1898,児
1879,宇
1855,加
1846,滋
1774,地
1764,タ
1761,別
1744,金
1735,媛
1721,方
1711,子
1707,泉
1678,２
1645,幡
1642,路
1626,一
1619,郷
1616,香
1614,央
1586,御
1584,十
1575,五
1566,須
1551,群
1539,清
1536,丘
1516,七
1460,ル
1434,国
1407,天
1404,保
1390,港
1390,仙
1385,ン
1384,羽
1366,米
1360,ワ
1359,塚
1345,関
1322,阿
1320,四
1316,幌
1314,波
1311,軒
1311,土
1300,出
1291,３
1271,之
1264,池
1253,州
1250,若
1226,赤
1201,稲
1182,梨
1166,入
1146,明
1138,那
1123,九
1102,み
1089,間
1077,今
1077,門
1071,ビ
1071,太
1058,旭
1052,丹
1052,沖
1046,立
1030,藤
1015,花
1005,塩
987,つ
984,飯
983,志
982,畑
970,春
968,目
940,栄
939,鶴
926,茂
923,札
897,縄
892,甲
879,栗
871,竹
867,敷
864,相
864,柳
858,４
851,奥
850,る
841,光
825,館
824,後
823,庄
817,矢
816,伏
814,桜
800,園
791,林
779,六
778,草
772,朝
761,住
760,船
754,真
752,成
751,ス
751,番
745,５
745,駒
741,辺
728,万
727,魚
726,士
725,丁
725,元
725,利
721,武
713,留
713,ク
709,気
706,緑
705,所
704,勝
701,頭
701,向
695,喜
694,堀
693,伯
687,足
687,た
686,深
685,幸
680,柏
675,６
665,尻
651,渡
648,王
639,牧
636,治
635,有
632,ら
632,０
626,イ
622,湯
619,登
617,右
616,さ
613,７
612,雲
612,姫
612,板
608,ま
599,楽
598,世
597,亀
595,院
595,穂
593,堺
592,蒲
590,左
589,そ
587,わ
586,か
583,室
580,永
577,他
574,ィ
571,来
568,滝
565,８
558,岸
556,き
555,達
550,遠
546,張
543,桑
539,居
533,比
532,垣
528,く
527,荒
524,９
523,月
518,砂
515,洲
514,摩
509,巻
500,勢
491,牟
488,笠
485,梅
483,仁
482,陽
479,堂
470,篠
469,宝
465,近
458,杉
458,筑
455,砺
455,ツ
443,ト
443,厚
442,博
440,由
438,軽
435,曽
434,標
434,益
429,早
429,荘
428,ラ
426,麻
422,毛
421,蔵
418,脇
418,音
412,輪
412,唐
411,ヶ
411,家
410,吹
397,峰
395,枝
394,ア
394,呂
388,犬
382,網
382,々
381,作
381,老
381,延
379,磯
378,外
378,陸
376,弥
375,糸
375,守
374,豆
374,葛
372,ば
371,末
371,〜
370,芸
370,乙
369,温
366,あ
365,舞
364,牛
360,セ
360,珠
359,磐
357,刈
354,芦
352,寿
348,科
346,ウ
345,寄
344,雄
344,デ
340,紫
339,杵
339,滑
337,呉
336,昭
335,恵
334,袋
334,猪
332,周
332,シ
332,養
331,行
329,諏
329,訪
329,片
329,築
327,法
326,グ
324,郎
323,妻
322,酒
321,弘
321,置
321,槻
319,俣
318,吾
318,仲
314,竜
312,弁
310,淀
309,掛
308,度
308,ド
308,萩
308,総
306,り
302,智
298,浅
297,菊
296,用
294,空
292,殿
291,発
289,瑞
288,芝
287,正
286,不
286,父
285,揖
285,駅
283,葵
281,斐
280,ズ
279,紀
279,飛
279,綾
278,更
277,庭
274,柴
274,釧
270,磨
267,栖
266,粟
265,友
265,邑
262,境
261,ず
260,師
259,次
258,走
258,巣
258,苫
253,婁
253,テ
253,鈴
252,パ
251,鴨
251,具
248,菅
248,陀
248,狩
247,射
247,貝
247,泊
246,切
245,流
244,文
244,鳴
244,印
244,じ
243,理
242,湖
241,咋
241,龍
240,寒
240,百
239,線
239,ひ
238,女
237,種
236,座
235,妙
235,臼
235,枚
235,坪
234,夕
234,好
231,氷
230,茶
229,濃
229,開
229,オ
226,品
224,善
223,洞
221,盛
221,社
220,可
220,免
220,錦
220,と
220,芳
219,窪
218,エ
218,満
218,飾
218,鷹
217,條
215,与
214,納
213,紋
213,苗
213,耶
213,人
210,衣
210,穴
208,彦
208,細
208,辻
208,柄
207,う
207,灘
206,色
203,梁
203,端
201,予
201,折
201,笹
200,鏡
199,舟
198,宗
198,双
197,狭
196,浄
194,渋
194,す
194,務
193,函
193,迫
193,諸
193,串
192,鳳
192,房
191,増
191,柿
191,ッ
191,棚
191,虻
190,興
190,曲
190,各
189,糠
189,君
186,賜
185,−
184,団
184,桃
183,リ
183,渕
178,や
175,心
175,余
175,・
175,舘
174,並
172,司
172,鎌
172,秦
172,堤
171,晴
171,添
170,汐
169,ち
169,廿
169,坊
169,諫
167,潮
167,帯
167,宕
166,尼
165,檜
165,観
165,霞
164,蘇
164,猿
162,防
162,油
161,巨
161,学
161,ガ
161,燕
161,ほ
160,フ
160,割
159,面
159,桂
159,浪
158,騨
158,落
157,垂
157,風
156,我
156,碧
156,当
154,駿
154,琴
153,銅
153,茅
153,対
153,雨
153,円
153,プ
153,棟
150,峨
150,珂
150,樋
150,荷
149,盤
149,嵯
149,寝
149,反
148,信
147,Ａ
147,宍
147,又
146,引
145,星
145,ヒ
144,植
144,亘
144,唄
144,嘉
143,夷
142,羅
142,敦
142,せ
141,薬
141,払
140,蓮
140,押
140,楠
139,烏
138,壱
138,動
138,焼
138,鷲
137,熱
136,領
135,閉
135,歳
135,模
133,祖
133,む
132,備
132,銚
132,鬼
131,秩
131,公
130,サ
128,彼
128,キ
128,聖
127,裏
127,街
127,箕
127,隠
127,桐
127,薩
123,積
122,ぞ
122,連
122,附
121,斜
121,在
120,結
120,べ
120,畠
119,嶋
118,レ
118,旛
118,命
117,慈
117,カ
117,勇
117,笛
117,湊
117,工
117,層
116,ナ
116,ハ
116,霧
116,追
114,ョ
113,鯖
113,溝
112,蘭
112,淡
112,貫
112,物
111,味
111,打
111,第
111,荻
110,鴻
109,Ｉ
109,Ｍ
109,陵
108,榎
108,直
107,売
107,咲
107,し
107,ミ
106,樽
106,涌
106,婦
106,最
106,斗
105,鍛
105,針
104,祥
103,触
102,Ｂ
101,枕
101,筋
101,樫
101,造
100,影
100,宅
100,仏
99,鉾
99,表
98,Ｐ
98,苅
98,身
98,極
98,幕
96,者
96,芽
96,糟
96,付
95,浮
95,童
95,鍋
95,持
95,Ｒ
94,指
94,杜
94,字
94,淵
93,鵜
93,Ｓ
92,萱
92,冶
92,産
92,共
91,萌
90,初
90,沙
90,Ｊ
89,曙
89,姶
89,玖
89,榛
89,衛
89,孫
89,界
88,束
88,男
88,籠
87,弓
87,扇
86,こ
85,橿
85,覇
85,調
85,丙
84,修
84,乗
84,甘
84,塔
84,号
84,箱
83,貴
83,Ｏ
83,無
81,逆
81,奄
81,樺
80,破
79,鳩
79,竈
79,嶺
78,岬
78,楢
77,頸
77,両
77,進
77,岳
77,球
76,冠
76,隈
76,醍
76,ど
76,謝
76,醐
76,ニ
76,才
75,曇
75,護
75,源
74,頓
74,銀
74,忠
74,嵐
74,任
73,象
73,皆
72,宜
72,杷
72,俵
72,車
71,洗
71,願
71,樹
71,似
71,袖
71,鼻
71,ｉ
70,ふ
69,床
69,え
69,壬
69,藍
69,段
69,主
69,嬉
68,洋
68,蟹
68,母
68,組
68,ャ
67,材
66,匝
66,瑛
66,粕
66,実
65,定
65,惣
65,瑳
65,助
64,設
64,椎
64,飼
64,染
63,梶
63,恩
63,」
62,橘
62,Ｔ
62,ｒ
62,ん
62,ｋ
62,漆
61,鞍
60,練
60,桶
60,施
60,菱
60,刀
60,除
60,力
60,肥
59,倶
59,祢
59,枇
59,陣
59,湧
59,玄
59,雫
59,員
59,幾
59,望
58,干
58,厳
58,込
58,韮
58,差
58,だ
57,基
57,は
57,夏
57,辰
57,砥
57,問
57,年
57,峠
56,綱
56,葦
56,頃
56,紺
56,峯
56,椿
56,び
55,檮
55,礼
55,Ｃ
55,稚
55,虎
55,け
54,伝
54,蛇
54,夜
54,聚
54,電
53,筒
53,麦
53,屈
53,チ
52,雁
52,瓦
52,華
52,碇
52,時
52,よ
51,迎
51,於
50,鷺
50,岱
50,権
50,姉
49,薮
49,建
49,瓜
49,柚
49,菖
49,霊
49,首
49,狐
48,雀
48,塙
48,ソ
48,墨
48,菰
48,モ
48,兼
47,メ
47,肝
47,冨
47,壁
47,ジ
47,桧
47,緒
46,但
46,丈
46,鉄
45,黄
45,Ｘ
45,曳
45,様
45,夫
45,詰
45,睦
45,堅
44,畔
44,ダ
44,厨
44,も
44,を
44,額
44,ネ
44,易
44,普
43,虫
43,慶
43,匠
43,速
43,政
42,蓬
42,厩
42,照
42,服
42,弟
42,祝
42,鮎
41,自
41,貿
41,際
41,摂
41,沓
41,的
41,鍵
40,蛭
40,業
40,ｚ
40,Ｙ
40,義
40,集
40,股
40,コ
39,先
39,ュ
39,財
39,Ｄ
39,現
39,畷
39,恋
39,槇
39,旗
39,葭
39,交
39,芹
39,櫛
38,数
38,稗
38,経
38,朱
38,蓑
38,庵
38,雪
38,応
38,火
38,織
38,蕨
38,得
38,夢
37,爪
37,只
37,希
37,苑
37,堰
37,訓
36,紅
36,鰺
36,蛸
36,閑
36,ろ
36,剣
36,削
36,覚
35,箇
35,拓
35,藻
35,属
34,勧
34,犀
34,腰
34,Ｚ
34,協
34,畝
34,挽
33,農
33,ぬ
33,挾
33,旅
33,喰
33,渚
33,柱
33,牡
33,麓
33,蘂
33,澤
33,梗
33,麩
32,爺
32,姥
32,帰
32,祭
32,提
32,芋
32,毘
32,蒔
31,振
31,ｗ
31,楯
31,軍
31,飽
31,ｅ
31,薄
31,ａ
31,埜
31,ロ
31,ｈ
31,湾
31,Ｎ
31,桔
31,ｎ
31,ｏ
31,潴
31,刺
31,め
31,類
31,欠
30,側
30,巾
30,ゆ
30,渓
30,釣
30,供
30,宰
30,竪
30,跡
30,ぼ
29,暮
29,討
29,鉢
29,斑
29,親
29,嵩
29,逢
28,懸
28,乃
28,釈
28,露
28,卸
28,薗
28,帆
28,貞
28,爾
28,虹
28,澄
28,食
28,位
28,将
27,椌
27,此
27,鎮
27,官
27,是
27,如
27,精
27,播
27,菜
26,槌
26,庶
26,膳
26,起
26,杭
26,等
26,鰐
26,陰
26,歩
26,抜
26,祇
26,撫
26,改
26,紙
25,瓶
25,楊
25,習
25,芥
25,簸
25,斎
25,茜
24,則
24,声
24,桝
24,読
24,誓
24,甚
24,藪
24,銭
24,篭
24,蒜
24,鐘
24,個
24,氏
24,轟
24,駄
24,灰
24,背
23,嬬
23,突
23,己
23,汲
23,菟
23,運
23,拝
23,為
23,巳
23,鋸
23,要
23,戊
22,摺
22,依
22,役
22,雑
22,禅
22,沿
22,ベ
22,迦
22,李
22,校
22,忍
22,猫
22,待
22,化
21,旧
21,呼
21,兎
21,図
21,遅
21,鶉
21,ね
21,泥
21,休
21,隼
21,剛
20,料
20,般
20,皿
20,過
20,儀
20,副
20,椚
20,巽
20,哲
20,英
20,溪
20,杁
20,構
19,給
19,尚
19,昌
19,示
19,季
19,壇
19,陶
19,同
19,昆
19,榊
19,計
19,綴
19,誉
19,斉
19,旦
19,曾
19,椹
19,恒
19,濁
18,耕
18,事
18,砲
18,止
18,寅
18,骨
18,戎
18,鮫
18,妹
18,論
18,占
18,繁
18,因
17,雷
17,朴
17,尺
17,櫃
17,埴
17,泙
17,耳
17,鋳
16,升
16,蓼
16,鍬
16,冬
16,請
16,壮
16,壺
16,菩
16,甑
16,舌
16,労
16,炭
16,椋
16,瞥
16,屯
16,鼎
16,難
16,綿
15,ヤ
15,畦
15,帽
15,替
15,景
15,嶽
15,意
15,隆
15,狛
15,崩
15,戒
15,餅
15,去
15,至
15,怒
15,教
15,簗
14,栢
14,穀
14,奉
14,鶯
14,瀞
14,借
14,威
14,程
14,畳
14,昼
14,受
14,奴
14,疋
14,済
14,莇
14,放
14,揚
14,冷
14,杖
14,蔭
14,茗
14,倭
13,荏
13,器
13,獅
13,拾
13,値
13,巴
13,梯
13,丑
13,勘
13,仮
13,輝
13,卯
13,蛯
13,絹
13,袴
13,祁
13,辛
13,驫
13,佃
13,全
13,ポ
13,醒
12,支
12,縁
12,悪
12,鵠
12,筏
12,狼
12,櫨
12,判
12,ム
12,絵
12,帝
12,扶
12,粉
12,簾
12,翁
11,檀
11,葎
11,楡
11,午
11,脚
11,椥
11,列
11,革
11,頼
11,莱
11,暁
11,れ
11,窯
11,講
11,蕪
11,育
11,ぶ
11,苦
11,糀
11,鶏
11,釘
10,琶
10,伴
10,衡
10,散
10,逗
10,鎚
10,勅
10,招
10,繋
10,返
10,櫟
10,顔
10,刑
10,鮭
10,往
10,然
10,堵
10,強
10,鯉
10,梓
10,樟
10,杣
10,臨
10,覧
10,鰍
10,肱
10,琵
10,包
10,叶
10,節
10,害
10,泰
10,鐙
10,籾
9,榑
9,ヌ
9,胆
9,殻
9,続
9,鴫
9,喬
9,燈
9,苓
9,勒
9,賑
9,祓
9,鉱
9,漢
9,惠
9,裡
9,郭
9,晩
9,肴
9,記
9,使
9,私
9,及
9,少
9,翠
9,踏
9,ぐ
9,霄
9,継
9,申
9,泗
9,埣
9,仕
9,侍
9,伎
8,閤
8,店
8,杏
8,鼓
8,枳
8,貢
8,彩
8,画
8,潤
8,鑓
8,職
8,ヨ
8,管
8,鞘
8,違
8,鯨
8,鞆
8,ヱ
8,匹
8,苔
8,銘
8,鍜
8,狸
8,蔦
8,甫
8,営
8,蕃
8,柑
8,徒
8,鼠
8,徹
8,祐
8,思
8,匂
7,鯏
7,秀
7,岫
7,祗
7,栂
7,輿
7,峡
7,帷
7,仰
7,降
7,負
7,順
7,炊
7,鱒
7,礒
7,趾
7,呑
7,墓
7,報
7,著
7,弐
7,楮
7,皇
7,答
7,蓋
7,班
7,碓
7,医
7,澗
7,荊
7,讃
7,康
7,邇
7,介
7,塗
7,頂
7,轡
7,吐
7,移
7,乞
7,嫁
7,秤
7,勿
7,終
7,桟
7,溜
7,蛍
7,孝
7,狗
7,鴇
7,健
6,與
6,例
6,垢
6,性
6,鈍
6,藁
6,商
6,薊
6,饒
6,邸
6,硯
6,鋼
6,縫
6,株
6,酉
6,兜
6,楓
6,蟻
6,研
6,瓢
6,鮒
6,寛
6,求
6,虚
6,肘
6,煙
6,卒
6,獺
6,蜻
6,屏
6,這
6,挙
6,塘
6,躰
6,笑
6,書
6,刎
6,瀧
6,鯛
6,萢
6,離
6,尋
6,漁
6,窓
6,埋
6,陳
6,憧
6,民
6,苧
6,令
6,潭
6,其
5,素
5,欽
5,蛎
5,幣
5,薦
5,貸
5,柵
5,懐
5,娃
5,螢
5,監
5,卜
5,濱
5,也
5,掃
5,回
5,随
5,箸
5,投
5,導
5,舛
5,蒼
5,げ
5,樅
5,茱
5,藺
5,臥
5,採
5,腹
5,専
5,ヲ
5,鴛
5,軸
5,杓
5,倫
5,麗
5,笥
5,客
5,鉋
5,薫
5,鯰
5,筆
5,駕
5,俊
5,垪
5,寸
5,蛉
5,贄
5,椛
5,坦
5,佳
5,竿
5,机
5,悦
5,算
5,吸
5,汀
5,績
5,ホ
5,柞
5,淋
5,弦
5,梵
5,亥
5,ブ
5,樒
5,瑠
5,頴
5,邦
5,噌
5,薙
5,苺
5,膝
5,泓
5,姓
5,典
5,着
5,蜷
4,歓
4,ゴ
4,賊
4,莫
4,処
4,硲
4,鳶
4,斧
4,禰
4,歴
4,粧
4,搦
4,囲
4,汰
4,浴
4,朔
4,簑
4,箪
4,整
4,髪
4,鵯
4,眼
4,頬
4,杢
4,参
4,凪
4,ザ
4,警
4,残
4,寮
4,鱈
4,互
4,談
4,湘
4,狢
4,剱
4,量
4,櫓
4,蕗
4,桁
4,戦
4,灯
4,識
4,煤
4,碁
4,艮
4,郊
4,魁
4,兄
4,笈
4,坤
4,捨
4,ょ
4,箭
4,佛
4,憩
4,ゲ
4,券
4,帳
4,戌
4,鱗
4,ギ
4,蛤
4,巌
4,垈
4,袰
4,隣
4,許
4,麸
4,蚕
4,活
4,鎗
4,障
4,餌
4,奔
4,炮
4,衙
4,糺
4,圃
4,賢
4,粒
4,柘
4,踊
4,巡
4,稔
4,昇
4,拍
4,啓
4,秣
4,顕
4,鴉
4,乱
4,暑
4,弾
4,禄
3,言
3,バ
3,撲
3,病
3,葺
3,蝦
3,鴬
3,枯
3,誠
3,再
3,燧
3,闇
3,途
3,潜
3,稜
3,眺
3,舳
3,還
3,鰯
3,礫
3,寧
3,髭
3,雛
3,廟
3,併
3,逸
3,湫
3,億
3,未
3,汗
3,颪
3,汁
3,螺
3,琢
3,籏
3,當
3,殖
3,始
3,配
3,稀
3,酌
3,据
3,璃
3,鮪
3,馴
3,峅
3,枋
3,塀
3,称
3,叡
3,退
3,羊
3,究
3,ご
3,固
3,鞠
3,旨
3,蟇
3,釆
3,機
3,遣
3,酘
3,譲
3,閣
3,狙
3,枌
3,蝉
3,蜆
3,榴
3,鰭
3,腕
3,筵
3,袈
3,潰
3,驚
3,で
3,蕎
3,鏑
3,響
3,孕
3,鎧
3,維
3,伽
3,敏
3,饗
3,悲
3,忽
3,短
3,操
3,鉛
3,税
3,独
3,圷
3,禾
3,漉
3,吠
3,靱
3,酢
3,蔀
3,血
3,ユ
3,ざ
3,萸
3,盆
3,到
3,竺
3,ヘ
3,祈
3,箙
3,艘
3,傘
3,句
3,紡
3,呰
3,鐺
2,楼
2,磧
2,菴
2,罧
2,章
2,侭
2,範
2,狹
2,遙
2,含
2,籟
2,へ
2,航
2,勾
2,剥
2,緋
2,冥
2,躬
2,域
2,芒
2,禁
2,功
2,征
2,て
2,敬
2,了
2,紐
2,芙
2,圦
2,漕
2,質
2,嚢
2,栽
2,縢
2,○
2,編
2,槍
2,孟
2,郛
2,姪
2,蘆
2,架
2,毫
2,蟠
2,淳
2,且
2,涼
2,脛
2,橡
2,笏
2,礎
2,鴎
2,ゼ
2,沮
2,鋤
2,枦
2,琉
2,餉
2,餠
2,蓉
2,粥
2,転
2,癸
2,密
2,党
2,杤
2,抱
2,婆
2,珊
2,萠
2,梛
2,鎖
2,衝
2,把
2,渠
2,策
2,蔓
2,炉
2,碑
2,孑
2,浸
2,鼡
2,統
2,綺
2,薪
2,采
2,傾
2,厘
2,飴
2,伍
2,超
2,案
2,断
2,澱
2,凰
2,萬
2,觜
2,碕
2,栩
2,筥
2,噴
2,注
2,朗
2,筱
2,宛
2,蠣
2,錺
2,符
2,蜘
2,劔
2,晒
2,蟷
2,棒
2,旱
2,復
2,熟
2,遍
2,狄
2,唯
2,棄
2,硫
2,尉
2,皷
2,鯲
2,息
2,麹
2,砧
2,弗
2,宵
2,点
2,苣
2,皐
2,魔
2,写
2,紛
2,戻
2,閏
2,歯
2,姿
2,濠
2,紹
2,饅
2,酸
2,曹
2,謡
2,蛙
2,篝
2,眉
2,櫻
2,粂
2,告
2,螂
2,桴
2,呪
2,毒
2,兀
2,局
2,祠
2,封
2,鞁
2,錫
2,蝶
2,矯
2,椙
2,瘤
2,鈷
2,幹
2,杠
2,剰
2,涯
2,樵
2,筈
2,腐
2,語
2,鰕
2,笊
2,駮
1,稼
1,恐
1,硴
1,岻
1,勲
1,梹
1,鳰
1,披
1,朧
1,掉
1,冑
1,劫
1,扣
1,雌
1,餘
1,穏
1,飫
1,鳧
1,惟
1,嶬
1,駝
1,係
1,薔
1,榧
1,必
1,弄
1,審
1,猴
1,閨
1,實
1,感
1,悟
1,殊
1,楳
1,渦
1,瘻
1,檪
1,忰
1,胸
1,ヰ
1,情
1,救
1,鑪
1,琳
1,睡
1,凧
1,枅
1,翌
1,〕
1,捻
1,濤
1,徐
1,抓
1,賤
1,彰
1,捲
1,蹄
1,伸
1,禿
1,緩
1,衲
1,承
1,敲
1,宏
1,綣
1,卦
1,頤
1,優
1,膚
1,鈑
1,齋
1,非
1,甥
1,莪
1,鼈
1,急
1,戈
1,蒄
1,桙
1,笂
1,瑁
1,歎
1,粭
1,鞭
1,莎
1,泡
1,崗
1,榿
1,榔
1,術
1,峩
1,梺
1,熨
1,鷆
1,鏥
1,蚫
1,堪
1,ぽ
1,禎
1,珀
1,湛
1,塒
1,薇
1,椅
1,糒
1,寂
1,刃
1,靖
1,幼
1,埠
1,竃
1,濡
1,ェ
1,掎
1,椡
1,弩
1,畭
1,后
1,墹
1,解
1,儘
1,鉦
1,粗
1,犢
1,甸
1,稽
1,樮
1,鮖
1,装
1,絶
1,沃
1,朶
1,ぷ
1,沸
1,卓
1,擶
1,接
1,剃
1,摘
1,療
1,蒋
1,滞
1,異
1,猩
1,岼
1,候
1,叺
1,鞦
1,橲
1,晃
1,昔
1,鵲
1,晶
1,乢
1,眠
1,坑
1,篶
1,碩
1,便
1,庇
1,珍
1,鍔
1,卑
1,鮨
1,莅
1,樛
1,鈩
1,桷
1,賞
1,垰
1,拳
1,徴
1,猷
1,枠
1,褒
1,遇
1,鐇
1,叉
1,俎
1,耻
1,皮
1,跿
1,鋏
1,已
1,扱
1,亟
1,棯
1,侈
1,駈
1,羨
1,轆
1,炬
1,嗽
1,應
1,笄
1,昧
1,萄
1,買
1,祷
1,掻
1,舗
1,焔
1,煎
1,収
1,菫
1,槁
1,搗
1,核
1,禽
1,沈
1,甜
1,授
1,責
1,賽
1,鉈
1,詠
1,埓
1,鬮
1,楜
1,絡
1,爼
1,渭
1,舂
1,假
1,縞
1,伶
1,埖
1,蛾
1,澳
1,担
1,抽
1,糘
1,赦
1,眞
1,菓
1,笋
1,故
1,崇
1,楪
1,甕
1,猯
1,酪
1,縦
1,淞
1,娚
1,椴
1,駛
1,葱
1,橇
1,柧
1,轌
1,限
1,委
1,庖
1,肩
1,蜑
1,伺
1,栴
1,矼
1,效
1,靭
1,茸
1,塞
1,覆
1,葹
1,釿
1,〔
1,桾
1,鱸
1,鰈
1,猛
1,鯆
1,尽
1,鵺
1,湿
1,轤
1,閖
1,叔
1,試
1,墾
1,艀
1,繩
1,藏
1,筌
1,莨
1,雅
1,獄
1,筍
1,胄
1,稱
1,纒
1,哉
1,釛
1,滅
1,奇
1,刷
1,鬚
1,滴
1,史
1,蝮
1,鮠
1,撞
1,鰄
1,烟
1,ゃ
1,凍
1,珸
1,糯
1,杙
1,峇
1,議
1,烈
1,窄
1,鶇
1,陦
1,ヴ
1,特
1,緤
1,裁
1,繰
1,滕
1,擬
1,箟
1,磑
1,壗
1,鰔
1,辱
1,毎
1,杼
1,舸
1,岨
1,剪
1,礬
1,筬
1,堕
1,曼
1,蕉
1,蟆
1,國
1,災
1,勺
1,級
1,玻
1,貰
1,閻
1,秬
1,豪
1,窟
1,盾
1,畉
1,坏
1,碆
1,棡
1,奮
1,訶
1,換
1,撰
1,椒
1,尿
1,廼
1,晦
1,縊
1,啼
1,黛
1,椣
1,窕
1,苞
1,砿
1,禮
1,裳
1,鰹
1,欲
1,麁
1,っ
1,泪
1,柤
1,箆
1,盃
1,饌
1,曰
1,栫
1,橦
1,慥
1,朋
1,舮
1,箒
1,槐
1,糖
1,奨
1,衾
1,瑤
1,狂
1,悠
1,庁
